DA Warner,TS Mills,0.0
S Dhawan,TS Mills,0.5
S Dhawan,A Choudhary,0.6
DA Warner,A Choudhary,0.0
MC Henriques,A Choudhary,0.5
MC Henriques,TS Mills,0.25
MC Henriques,YS Chahal,0.45454545454545453
S Dhawan,YS Chahal,0.7777777777777778
S Dhawan,S Aravind,1.0
MC Henriques,S Aravind,0.5
S Dhawan,SR Watson,0.16666666666666666
S Dhawan,TM Head,1.0
MC Henriques,TM Head,0.6666666666666666
MC Henriques,STR Binny,1.0
S Dhawan,STR Binny,0.0
Yuvraj Singh,STR Binny,0.0
Yuvraj Singh,S Aravind,0.5
Yuvraj Singh,A Choudhary,0.18181818181818182
Yuvraj Singh,SR Watson,0.6666666666666666
MC Henriques,SR Watson,0.6666666666666666
Yuvraj Singh,YS Chahal,1.0
DJ Hooda,YS Chahal,1.0
DJ Hooda,TS Mills,0.6
Yuvraj Singh,TS Mills,0.16666666666666666
DJ Hooda,A Choudhary,0.5
BCJ Cutting,TS Mills,1.0
BCJ Cutting,SR Watson,0.2
DJ Hooda,SR Watson,1.0
CH Gayle,A Nehra,0.4
Mandeep Singh,A Nehra,0.14285714285714285
CH Gayle,B Kumar,0.25
Mandeep Singh,B Kumar,0.2
CH Gayle,BCJ Cutting,0.0
Mandeep Singh,Rashid Khan,0.0
TM Head,Rashid Khan,0.3333333333333333
CH Gayle,DJ Hooda,0.0
TM Head,DJ Hooda,0.5
KM Jadhav,DJ Hooda,0.0
KM Jadhav,Rashid Khan,0.5
TM Head,BCJ Cutting,1.0
KM Jadhav,BCJ Cutting,0.4
KM Jadhav,MC Henriques,0.6
TM Head,MC Henriques,0.5714285714285714
TM Head,A Nehra,1.0
KM Jadhav,A Nehra,0.4
SR Watson,MC Henriques,1.0
SR Watson,Rashid Khan,0.4
Sachin Baby,Bipul Sharma,0.3333333333333333
SR Watson,Bipul Sharma,1.0
STR Binny,Bipul Sharma,1.0
STR Binny,Rashid Khan,0.5
STR Binny,BCJ Cutting,0.3333333333333333
SR Watson,BCJ Cutting,0.3333333333333333
SR Watson,B Kumar,0.6666666666666666
STR Binny,B Kumar,0.5
S Aravind,B Kumar,0.0
SR Watson,A Nehra,0.0
S Aravind,A Nehra,0.0
YS Chahal,A Nehra,0.0
TS Mills,B Kumar,0.0
YS Chahal,B Kumar,0.6666666666666666
YS Chahal,BCJ Cutting,0.5
A Choudhary,BCJ Cutting,0.0
PA Patel,AB Dinda,0.16666666666666666
JC Buttler,AB Dinda,0.0
JC Buttler,DL Chahar,0.0
PA Patel,BA Stokes,1.0
JC Buttler,BA Stokes,0.0
PA Patel,Imran Tahir,0.0
RG Sharma,Imran Tahir,0.23809523809523808
JC Buttler,Imran Tahir,0.5
RG Sharma,DL Chahar,1.0
N Rana,Imran Tahir,0.6666666666666666
AT Rayudu,Imran Tahir,1.0
AT Rayudu,BA Stokes,0.6666666666666666
N Rana,BA Stokes,0.2727272727272727
AT Rayudu,A Zampa,0.5555555555555556
N Rana,A Zampa,0.3
N Rana,R Bhatia,0.6666666666666666
AT Rayudu,R Bhatia,0.5
KH Pandya,R Bhatia,0.6666666666666666
KH Pandya,BA Stokes,0.3333333333333333
KA Pollard,R Bhatia,1.0
KA Pollard,Imran Tahir,0.4444444444444444
KA Pollard,A Zampa,0.5
HH Pandya,A Zampa,0.4
HH Pandya,Imran Tahir,0.8
HH Pandya,AB Dinda,0.18181818181818182
KA Pollard,AB Dinda,0.3333333333333333
HH Pandya,BA Stokes,0.8333333333333334
KA Pollard,BA Stokes,0.5
TG Southee,BA Stokes,0.3333333333333333
AM Rahane,TG Southee,0.3
MA Agarwal,TG Southee,0.5
AM Rahane,HH Pandya,0.5714285714285714
MA Agarwal,HH Pandya,0.0
MA Agarwal,MJ McClenaghan,0.0
SPD Smith,MJ McClenaghan,0.26666666666666666
AM Rahane,MJ McClenaghan,0.25
AM Rahane,JJ Bumrah,0.5
SPD Smith,JJ Bumrah,0.5909090909090909
SPD Smith,HH Pandya,0.5555555555555556
SPD Smith,KH Pandya,0.42857142857142855
AM Rahane,KH Pandya,0.5454545454545454
SPD Smith,TG Southee,0.3333333333333333
BA Stokes,TG Southee,0.5
BA Stokes,JJ Bumrah,0.375
SPD Smith,KA Pollard,0.42857142857142855
BA Stokes,KA Pollard,0.6666666666666666
BA Stokes,HH Pandya,0.0
MS Dhoni,HH Pandya,1.0
MS Dhoni,JJ Bumrah,0.4
MS Dhoni,MJ McClenaghan,0.35714285714285715
MS Dhoni,KA Pollard,1.0
JJ Roy,TA Boult,0.0
BB McCullum,PP Chawla,0.4
JJ Roy,PP Chawla,0.16666666666666666
BB McCullum,SP Narine,0.23076923076923078
JJ Roy,SP Narine,1.0
SK Raina,PP Chawla,0.6
SK Raina,SP Narine,0.7333333333333333
SK Raina,CR Woakes,0.35
BB McCullum,Kuldeep Yadav,0.16666666666666666
SK Raina,Kuldeep Yadav,0.6521739130434783
BB McCullum,CR Woakes,0.25
AJ Finch,Kuldeep Yadav,0.5
SK Raina,YK Pathan,1.0
AJ Finch,YK Pathan,0.25
KD Karthik,Kuldeep Yadav,0.6666666666666666
SK Raina,TA Boult,0.45454545454545453
KD Karthik,TA Boult,0.25
KD Karthik,SP Narine,0.42857142857142855
KD Karthik,PP Chawla,0.75
KD Karthik,CR Woakes,0.5
G Gambhir,P Kumar,0.8333333333333334
CA Lynn,P Kumar,0.6666666666666666
G Gambhir,DS Kulkarni,0.42857142857142855
CA Lynn,DS Kulkarni,0.2
G Gambhir,MS Gony,0.1111111111111111
CA Lynn,MS Gony,0.0
G Gambhir,S Kaushik,0.23076923076923078
CA Lynn,S Kaushik,0.2727272727272727
CA Lynn,DR Smith,0.16666666666666666
CA Lynn,SB Jakati,0.7142857142857143
G Gambhir,SB Jakati,0.38461538461538464
AM Rahane,Sandeep Sharma,0.5333333333333333
MA Agarwal,Sandeep Sharma,0.0
SPD Smith,Sandeep Sharma,0.5
AM Rahane,MM Sharma,0.5
SPD Smith,MM Sharma,0.4
SPD Smith,AR Patel,0.75
AM Rahane,AR Patel,0.75
SPD Smith,T Natarajan,0.2
AM Rahane,T Natarajan,0.0
BA Stokes,AR Patel,0.45454545454545453
SPD Smith,MP Stoinis,0.0
BA Stokes,MP Stoinis,0.5555555555555556
MS Dhoni,MP Stoinis,0.375
BA Stokes,Swapnil Singh,0.8
MS Dhoni,Swapnil Singh,0.4
MK Tiwary,Swapnil Singh,1.0
BA Stokes,T Natarajan,1.0
MK Tiwary,T Natarajan,0.5714285714285714
MK Tiwary,AR Patel,0.75
MK Tiwary,MP Stoinis,0.5
BA Stokes,MM Sharma,0.75
MK Tiwary,MM Sharma,0.6666666666666666
DT Christian,AR Patel,0.5
DT Christian,MM Sharma,1.0
MK Tiwary,Sandeep Sharma,1.0
DT Christian,Sandeep Sharma,0.0
HM Amla,AB Dinda,0.2857142857142857
M Vohra,AB Dinda,0.4
M Vohra,DT Christian,0.3333333333333333
HM Amla,DT Christian,0.25
WP Saha,DT Christian,0.2
WP Saha,BA Stokes,0.42857142857142855
HM Amla,BA Stokes,0.6666666666666666
HM Amla,Imran Tahir,0.75
WP Saha,Imran Tahir,0.0
AR Patel,Imran Tahir,0.5
AR Patel,BA Stokes,0.25
AR Patel,RD Chahar,0.4444444444444444
HM Amla,RD Chahar,0.5
HM Amla,R Bhatia,1.0
AR Patel,R Bhatia,0.6666666666666666
GJ Maxwell,Imran Tahir,0.5
DA Miller,Imran Tahir,0.6
GJ Maxwell,RD Chahar,0.2857142857142857
DA Miller,RD Chahar,0.5
DA Miller,R Bhatia,0.2
GJ Maxwell,R Bhatia,0.0
GJ Maxwell,BA Stokes,0.2857142857142857
DA Miller,BA Stokes,0.3333333333333333
GJ Maxwell,AB Dinda,1.0
DA Miller,AB Dinda,0.2
CH Gayle,Z Khan,0.23076923076923078
SR Watson,Z Khan,0.2
SR Watson,CH Morris,0.0
CH Gayle,CH Morris,0.0
SR Watson,PJ Cummins,0.375
CH Gayle,PJ Cummins,0.625
Mandeep Singh,CH Morris,0.0
SR Watson,S Nadeem,0.36363636363636365
Mandeep Singh,S Nadeem,0.0
Mandeep Singh,PJ Cummins,0.0
KM Jadhav,PJ Cummins,0.3333333333333333
KM Jadhav,S Nadeem,0.7142857142857143
KM Jadhav,A Mishra,0.09090909090909091
SR Watson,A Mishra,1.0
STR Binny,S Nadeem,0.6
KM Jadhav,Z Khan,0.46153846153846156
STR Binny,Z Khan,0.42857142857142855
STR Binny,PJ Cummins,0.5
STR Binny,CR Brathwaite,0.6666666666666666
KM Jadhav,CR Brathwaite,0.25
Vishnu Vinod,CR Brathwaite,1.0
Vishnu Vinod,Z Khan,0.5
Iqbal Abdulla,CH Morris,0.5
P Negi,CH Morris,0.2
P Negi,PJ Cummins,0.3333333333333333
Iqbal Abdulla,PJ Cummins,0.3333333333333333
TS Mills,CH Morris,0.0
AP Tare,B Stanlake,0.1
SW Billings,B Stanlake,0.3333333333333333
SW Billings,YS Chahal,0.5714285714285714
AP Tare,YS Chahal,1.0
SW Billings,Iqbal Abdulla,0.6
AP Tare,Iqbal Abdulla,0.3333333333333333
SW Billings,TS Mills,1.0
AP Tare,TS Mills,0.0
KK Nair,TS Mills,0.0
KK Nair,B Stanlake,0.0
SV Samson,B Stanlake,0.2
SV Samson,YS Chahal,0.5
SV Samson,Iqbal Abdulla,1.0
RR Pant,Iqbal Abdulla,0.2222222222222222
RR Pant,YS Chahal,0.45454545454545453
RR Pant,TS Mills,0.5
SV Samson,TS Mills,1.0
RR Pant,B Stanlake,0.5
CH Morris,B Stanlake,1.0
CH Morris,SR Watson,1.0
RR Pant,SR Watson,0.5789473684210527
CH Morris,Iqbal Abdulla,0.5
CR Brathwaite,SR Watson,0.3333333333333333
CR Brathwaite,YS Chahal,0.0
PJ Cummins,YS Chahal,0.0
PJ Cummins,TS Mills,0.6666666666666666
PJ Cummins,SR Watson,0.0
A Mishra,SR Watson,0.25
A Mishra,TS Mills,0.5
RR Pant,P Negi,0.0
S Nadeem,P Negi,0.16666666666666666
A Mishra,P Negi,0.5
Z Khan,P Negi,1.0
JJ Roy,Bipul Sharma,0.3333333333333333
BB McCullum,Bipul Sharma,0.6666666666666666
JJ Roy,B Kumar,0.14285714285714285
BB McCullum,B Kumar,1.0
JJ Roy,A Nehra,0.5
BB McCullum,A Nehra,0.0
JJ Roy,Rashid Khan,1.0
BB McCullum,Rashid Khan,0.0
SK Raina,Rashid Khan,0.5
AJ Finch,B Kumar,0.3333333333333333
SK Raina,B Kumar,1.0
AJ Finch,Rashid Khan,0.0
KD Karthik,Rashid Khan,0.4444444444444444
SK Raina,A Nehra,0.5
KD Karthik,A Nehra,0.42857142857142855
KD Karthik,Bipul Sharma,0.8333333333333334
DR Smith,Bipul Sharma,0.6666666666666666
KD Karthik,BCJ Cutting,0.8
DR Smith,BCJ Cutting,0.5714285714285714
DR Smith,Rashid Khan,0.2
DR Smith,MC Henriques,0.375
KD Karthik,MC Henriques,1.0
DR Smith,A Nehra,0.25
KD Karthik,B Kumar,0.5
DR Smith,B Kumar,0.3333333333333333
DS Kulkarni,A Nehra,0.5
P Kumar,A Nehra,1.0
Basil Thampi,A Nehra,1.0
P Kumar,BCJ Cutting,1.0
Basil Thampi,BCJ Cutting,0.25
P Kumar,B Kumar,0.75
Basil Thampi,B Kumar,0.3333333333333333
DA Warner,SK Raina,0.2857142857142857
S Dhawan,SK Raina,0.4
DA Warner,P Kumar,0.21428571428571427
S Dhawan,P Kumar,0.2
MC Henriques,P Kumar,0.0
DA Warner,Tejas Baroka,0.26666666666666666
MC Henriques,DS Kulkarni,0.5714285714285714
DA Warner,DS Kulkarni,0.6
MC Henriques,S Kaushik,0.3684210526315789
MC Henriques,Tejas Baroka,0.8333333333333334
DA Warner,S Kaushik,0.8333333333333334
DA Warner,Basil Thampi,0.2727272727272727
MC Henriques,Basil Thampi,0.6666666666666666
G Gambhir,SL Malinga,0.625
CA Lynn,SL Malinga,0.4444444444444444
CA Lynn,MJ McClenaghan,0.2222222222222222
G Gambhir,MJ McClenaghan,0.0
CA Lynn,JJ Bumrah,0.3333333333333333
G Gambhir,JJ Bumrah,0.14285714285714285
G Gambhir,KH Pandya,0.0
RV Uthappa,KH Pandya,0.0
CA Lynn,KH Pandya,0.6666666666666666
MK Pandey,MJ McClenaghan,0.23076923076923078
MK Pandey,KH Pandya,0.6111111111111112
YK Pathan,JJ Bumrah,0.0
MK Pandey,Harbhajan Singh,0.6363636363636364
YK Pathan,Harbhajan Singh,0.4
YK Pathan,KH Pandya,0.6666666666666666
SA Yadav,KH Pandya,0.38461538461538464
SA Yadav,Harbhajan Singh,0.5
SA Yadav,MJ McClenaghan,0.6666666666666666
MK Pandey,JJ Bumrah,0.6666666666666666
SA Yadav,JJ Bumrah,0.6666666666666666
SA Yadav,SL Malinga,0.75
MK Pandey,SL Malinga,0.6666666666666666
CR Woakes,SL Malinga,0.25
CR Woakes,JJ Bumrah,0.5
SP Narine,SL Malinga,0.5
SP Narine,MJ McClenaghan,0.0
PA Patel,TA Boult,0.1111111111111111
JC Buttler,TA Boult,0.25
PA Patel,CR Woakes,0.25
JC Buttler,CR Woakes,0.25
PA Patel,SP Narine,0.16666666666666666
JC Buttler,SP Narine,0.16666666666666666
PA Patel,Kuldeep Yadav,0.3333333333333333
JC Buttler,Kuldeep Yadav,0.8
N Rana,Kuldeep Yadav,0.375
JC Buttler,AS Rajpoot,0.0
RG Sharma,AS Rajpoot,0.3333333333333333
N Rana,AS Rajpoot,0.125
RG Sharma,SP Narine,0.29411764705882354
N Rana,SP Narine,0.75
KH Pandya,SP Narine,0.14285714285714285
KH Pandya,AS Rajpoot,0.2857142857142857
KH Pandya,Kuldeep Yadav,0.0
KA Pollard,AS Rajpoot,0.2
KA Pollard,Kuldeep Yadav,0.14285714285714285
N Rana,CR Woakes,0.6666666666666666
KA Pollard,CR Woakes,0.25
KA Pollard,SP Narine,0.5
HH Pandya,CR Woakes,0.5
N Rana,TA Boult,0.25
HH Pandya,TA Boult,0.2222222222222222
Harbhajan Singh,AS Rajpoot,1.0
HH Pandya,AS Rajpoot,0.5
SR Watson,AR Patel,0.375
Vishnu Vinod,AR Patel,0.5
Vishnu Vinod,Sandeep Sharma,0.14285714285714285
AB de Villiers,Sandeep Sharma,0.1875
Vishnu Vinod,MM Sharma,0.3333333333333333
AB de Villiers,MM Sharma,0.1
KM Jadhav,Sandeep Sharma,0.25
AB de Villiers,VR Aaron,0.5
KM Jadhav,VR Aaron,0.25
Mandeep Singh,Sandeep Sharma,0.2
Mandeep Singh,VR Aaron,0.13333333333333333
Mandeep Singh,MM Sharma,0.2857142857142857
Mandeep Singh,T Natarajan,0.2222222222222222
AB de Villiers,T Natarajan,0.5
AB de Villiers,MP Stoinis,0.5
Mandeep Singh,MP Stoinis,1.0
Mandeep Singh,AR Patel,0.5333333333333333
AB de Villiers,AR Patel,0.6
STR Binny,VR Aaron,0.2857142857142857
STR Binny,AR Patel,0.2
STR Binny,MP Stoinis,1.0
STR Binny,MM Sharma,0.4
STR Binny,Sandeep Sharma,1.0
M Vohra,B Stanlake,0.5454545454545454
HM Amla,B Stanlake,0.6
HM Amla,Iqbal Abdulla,0.42857142857142855
M Vohra,Iqbal Abdulla,0.5
M Vohra,SR Watson,0.4
HM Amla,SR Watson,0.75
M Vohra,TS Mills,0.25
HM Amla,TS Mills,0.3333333333333333
HM Amla,YS Chahal,0.38461538461538464
AR Patel,YS Chahal,0.1111111111111111
AR Patel,Iqbal Abdulla,0.5
GJ Maxwell,YS Chahal,0.3333333333333333
GJ Maxwell,TS Mills,0.0
GJ Maxwell,SR Watson,0.3333333333333333
HM Amla,P Negi,1.0
GJ Maxwell,P Negi,0.2222222222222222
GJ Maxwell,B Stanlake,0.5
AP Tare,AB Dinda,0.0
SW Billings,AB Dinda,0.2
AP Tare,DL Chahar,0.0
SV Samson,DL Chahar,0.36363636363636365
SW Billings,DL Chahar,0.375
SV Samson,AB Dinda,0.3
SV Samson,BA Stokes,0.45454545454545453
SW Billings,BA Stokes,1.0
SV Samson,Imran Tahir,0.46153846153846156
SW Billings,Imran Tahir,0.5
SW Billings,A Zampa,1.0
SV Samson,A Zampa,0.14285714285714285
RR Pant,Imran Tahir,0.6666666666666666
RR Pant,R Bhatia,0.7142857142857143
SV Samson,R Bhatia,0.8
RR Pant,A Zampa,0.25
RR Pant,BA Stokes,0.5
CJ Anderson,BA Stokes,0.3333333333333333
CJ Anderson,Imran Tahir,0.5
CH Morris,A Zampa,0.0
CH Morris,BA Stokes,0.0
AM Rahane,S Nadeem,0.75
MA Agarwal,S Nadeem,0.6666666666666666
AM Rahane,PJ Cummins,1.0
MA Agarwal,PJ Cummins,0.4
MA Agarwal,Z Khan,0.3333333333333333
AM Rahane,Z Khan,0.2
F du Plessis,CH Morris,1.0
MA Agarwal,CH Morris,0.0
F du Plessis,Z Khan,0.5
RA Tripathi,CH Morris,0.0
F du Plessis,S Nadeem,0.3333333333333333
BA Stokes,S Nadeem,0.16666666666666666
MS Dhoni,S Nadeem,0.2222222222222222
BA Stokes,PJ Cummins,0.18181818181818182
MS Dhoni,PJ Cummins,0.3333333333333333
R Bhatia,PJ Cummins,0.6666666666666666
R Bhatia,S Nadeem,0.6
R Bhatia,CJ Anderson,0.2
MS Dhoni,CJ Anderson,0.5
R Bhatia,A Mishra,0.5
MS Dhoni,A Mishra,0.3333333333333333
DL Chahar,PJ Cummins,0.25
A Zampa,A Mishra,0.16666666666666666
DL Chahar,A Mishra,1.0
DL Chahar,Z Khan,0.0
AB Dinda,Z Khan,0.2
A Zampa,Z Khan,0.0
AB Dinda,A Mishra,1.0
Imran Tahir,A Mishra,0.0
AB Dinda,PJ Cummins,0.0
S Dhawan,Harbhajan Singh,0.5
DA Warner,Harbhajan Singh,0.21428571428571427
DA Warner,SL Malinga,0.2857142857142857
S Dhawan,SL Malinga,0.4
S Dhawan,JJ Bumrah,0.45454545454545453
DA Warner,JJ Bumrah,0.42857142857142855
DA Warner,MJ McClenaghan,0.2857142857142857
S Dhawan,MJ McClenaghan,0.4090909090909091
DA Warner,HH Pandya,0.2
S Dhawan,HH Pandya,0.3
DJ Hooda,Harbhajan Singh,0.3333333333333333
DJ Hooda,MJ McClenaghan,0.3333333333333333
S Dhawan,KH Pandya,0.75
DJ Hooda,KH Pandya,0.75
Yuvraj Singh,Harbhajan Singh,0.0
Yuvraj Singh,MJ McClenaghan,0.14285714285714285
BCJ Cutting,MJ McClenaghan,0.0
Yuvraj Singh,HH Pandya,0.0
NV Ojha,HH Pandya,0.5
BCJ Cutting,HH Pandya,0.5
BCJ Cutting,SL Malinga,0.4
NV Ojha,SL Malinga,0.6
BCJ Cutting,JJ Bumrah,0.3333333333333333
NV Ojha,JJ Bumrah,0.3333333333333333
V Shankar,JJ Bumrah,0.5
V Shankar,SL Malinga,0.3333333333333333
Rashid Khan,SL Malinga,0.5
Rashid Khan,JJ Bumrah,0.5
B Kumar,JJ Bumrah,0.6666666666666666
PA Patel,B Kumar,0.25
JC Buttler,B Kumar,0.125
JC Buttler,A Nehra,0.3333333333333333
PA Patel,A Nehra,0.0
RG Sharma,A Nehra,0.0
RG Sharma,Rashid Khan,0.5384615384615384
PA Patel,Rashid Khan,0.4
N Rana,Rashid Khan,0.5
N Rana,Mustafizur Rahman,0.42857142857142855
PA Patel,Mustafizur Rahman,0.0
N Rana,DJ Hooda,0.625
PA Patel,DJ Hooda,0.75
N Rana,BCJ Cutting,0.4
PA Patel,BCJ Cutting,1.0
KA Pollard,Rashid Khan,0.42857142857142855
KA Pollard,A Nehra,0.6666666666666666
N Rana,A Nehra,0.5
KA Pollard,Mustafizur Rahman,0.6666666666666666
N Rana,B Kumar,0.6
KA Pollard,B Kumar,0.2
KH Pandya,B Kumar,0.3333333333333333
KH Pandya,Rashid Khan,0.16666666666666666
KH Pandya,A Nehra,0.4
KH Pandya,BCJ Cutting,0.16666666666666666
HH Pandya,B Kumar,0.75
HH Pandya,Mustafizur Rahman,1.0
Harbhajan Singh,Mustafizur Rahman,0.3333333333333333
HM Amla,TA Boult,0.0
M Vohra,UT Yadav,0.15789473684210525
M Vohra,TA Boult,0.2
M Vohra,CR Woakes,0.2
HM Amla,CR Woakes,0.5
HM Amla,SP Narine,0.2
M Vohra,SP Narine,0.25
M Vohra,PP Chawla,0.0
MP Stoinis,PP Chawla,0.0
HM Amla,UT Yadav,1.0
MP Stoinis,UT Yadav,0.4
MP Stoinis,SP Narine,0.3333333333333333
GJ Maxwell,SP Narine,0.6666666666666666
GJ Maxwell,CR Woakes,0.4444444444444444
GJ Maxwell,PP Chawla,0.4
HM Amla,PP Chawla,1.0
HM Amla,C de Grandhomme,0.0
GJ Maxwell,C de Grandhomme,0.36363636363636365
DA Miller,C de Grandhomme,0.14285714285714285
GJ Maxwell,UT Yadav,0.0
WP Saha,UT Yadav,0.2
DA Miller,UT Yadav,0.25
WP Saha,C de Grandhomme,0.4444444444444444
DA Miller,PP Chawla,1.0
WP Saha,PP Chawla,0.25
DA Miller,SP Narine,0.4
WP Saha,SP Narine,0.625
DA Miller,TA Boult,1.0
WP Saha,TA Boult,0.25
MM Sharma,UT Yadav,1.0
AR Patel,UT Yadav,0.0
MM Sharma,TA Boult,0.2
VR Aaron,TA Boult,1.0
VR Aaron,CR Woakes,0.2
MM Sharma,CR Woakes,0.0
SP Narine,Sandeep Sharma,0.21428571428571427
G Gambhir,I Sharma,0.09090909090909091
G Gambhir,Sandeep Sharma,0.3333333333333333
SP Narine,I Sharma,0.3333333333333333
G Gambhir,GJ Maxwell,0.3333333333333333
SP Narine,GJ Maxwell,0.3333333333333333
SP Narine,VR Aaron,0.0
RV Uthappa,VR Aaron,0.0
G Gambhir,MM Sharma,0.5454545454545454
RV Uthappa,MM Sharma,0.0
G Gambhir,AR Patel,0.6111111111111112
RV Uthappa,AR Patel,0.42857142857142855
RV Uthappa,MP Stoinis,0.25
G Gambhir,MP Stoinis,1.0
G Gambhir,VR Aaron,0.6
MK Pandey,VR Aaron,0.6666666666666666
MK Pandey,AR Patel,0.5833333333333334
MK Pandey,MM Sharma,0.6
MK Pandey,Sandeep Sharma,1.0
MK Pandey,MP Stoinis,0.0
CH Gayle,TG Southee,0.4
V Kohli,TG Southee,0.3333333333333333
V Kohli,Harbhajan Singh,0.75
CH Gayle,Harbhajan Singh,0.1875
V Kohli,MJ McClenaghan,0.3333333333333333
CH Gayle,MJ McClenaghan,0.4
V Kohli,JJ Bumrah,0.3333333333333333
CH Gayle,JJ Bumrah,1.0
V Kohli,HH Pandya,0.75
CH Gayle,HH Pandya,0.0
AB de Villiers,HH Pandya,0.8333333333333334
AB de Villiers,KH Pandya,0.43478260869565216
V Kohli,KH Pandya,0.375
AB de Villiers,JJ Bumrah,0.6666666666666666
KM Jadhav,MJ McClenaghan,0.8571428571428571
AB de Villiers,MJ McClenaghan,0.14285714285714285
KM Jadhav,KH Pandya,0.8333333333333334
P Negi,KH Pandya,0.3333333333333333
KM Jadhav,JJ Bumrah,0.5454545454545454
P Negi,JJ Bumrah,0.42857142857142855
Mandeep Singh,MJ McClenaghan,0.16666666666666666
STR Binny,MJ McClenaghan,1.0
P Negi,MJ McClenaghan,0.2
STR Binny,JJ Bumrah,0.0
PA Patel,S Badree,0.16666666666666666
JC Buttler,S Badree,0.3333333333333333
PA Patel,STR Binny,0.6666666666666666
JC Buttler,STR Binny,0.5
RG Sharma,STR Binny,0.0
MJ McClenaghan,S Badree,0.0
RG Sharma,S Badree,0.0
KA Pollard,S Badree,0.5
N Rana,S Badree,0.25
KA Pollard,S Aravind,0.42857142857142855
N Rana,S Aravind,0.5
N Rana,TS Mills,0.5
KA Pollard,TS Mills,0.5
KA Pollard,YS Chahal,0.38461538461538464
N Rana,YS Chahal,0.3
KH Pandya,S Aravind,0.3
KH Pandya,YS Chahal,0.3333333333333333
KH Pandya,TS Mills,0.375
KH Pandya,STR Binny,0.5
KA Pollard,STR Binny,0.6666666666666666
KA Pollard,P Negi,0.26666666666666666
KH Pandya,P Negi,0.6666666666666666
HH Pandya,YS Chahal,0.0
HH Pandya,TS Mills,0.0
AM Rahane,P Kumar,0.0
SPD Smith,P Kumar,0.125
RA Tripathi,Basil Thampi,0.5
SPD Smith,Basil Thampi,0.2857142857142857
RA Tripathi,P Kumar,0.2222222222222222
SPD Smith,SB Jakati,0.2
RA Tripathi,SB Jakati,1.0
RA Tripathi,AJ Tye,0.25
SPD Smith,AJ Tye,1.0
BA Stokes,AJ Tye,0.0
SPD Smith,RA Jadeja,0.8571428571428571
BA Stokes,RA Jadeja,0.45454545454545453
BA Stokes,Basil Thampi,0.47058823529411764
SPD Smith,DR Smith,0.0
BA Stokes,DR Smith,0.5333333333333333
MK Tiwary,DR Smith,0.2
BA Stokes,SK Raina,0.75
MK Tiwary,SK Raina,1.0
MS Dhoni,AJ Tye,0.3333333333333333
MK Tiwary,AJ Tye,0.42857142857142855
MK Tiwary,SB Jakati,0.6666666666666666
MS Dhoni,SB Jakati,0.6666666666666666
MS Dhoni,RA Jadeja,0.0
Ankit Sharma,RA Jadeja,0.5
MK Tiwary,RA Jadeja,0.75
MK Tiwary,Basil Thampi,0.2857142857142857
Ankit Sharma,Basil Thampi,0.5
Ankit Sharma,AJ Tye,0.5
Ankit Sharma,P Kumar,0.25
MK Tiwary,P Kumar,0.0
SN Thakur,AJ Tye,0.0
RD Chahar,AJ Tye,0.5
LH Ferguson,AJ Tye,1.0
DR Smith,Ankit Sharma,0.2
BB McCullum,Ankit Sharma,1.0
BB McCullum,LH Ferguson,0.2
DR Smith,LH Ferguson,0.125
BB McCullum,SN Thakur,0.38461538461538464
DR Smith,SN Thakur,0.4
BB McCullum,BA Stokes,0.38461538461538464
DR Smith,BA Stokes,0.25
DR Smith,Imran Tahir,0.5
BB McCullum,Imran Tahir,0.3076923076923077
DR Smith,RD Chahar,0.0
SK Raina,SN Thakur,0.375
SK Raina,LH Ferguson,1.0
SK Raina,BA Stokes,0.25
BB McCullum,RD Chahar,0.0
KD Karthik,RD Chahar,0.6666666666666666
SK Raina,RD Chahar,0.3333333333333333
KD Karthik,Imran Tahir,0.6666666666666666
SK Raina,Imran Tahir,0.2
AJ Finch,Imran Tahir,0.375
AJ Finch,RD Chahar,0.2
AJ Finch,BA Stokes,0.5
AJ Finch,SN Thakur,1.0
AJ Finch,LH Ferguson,0.16666666666666666
SP Narine,B Kumar,0.2857142857142857
G Gambhir,B Kumar,0.3
SP Narine,A Nehra,0.25
G Gambhir,A Nehra,0.2222222222222222
RV Uthappa,B Kumar,0.4
G Gambhir,BCJ Cutting,0.5
RV Uthappa,BCJ Cutting,0.5555555555555556
RV Uthappa,Rashid Khan,0.47368421052631576
G Gambhir,Rashid Khan,0.25
MK Pandey,Rashid Khan,0.5
MK Pandey,BCJ Cutting,0.5
MK Pandey,MC Henriques,0.8181818181818182
RV Uthappa,MC Henriques,0.5555555555555556
MK Pandey,Bipul Sharma,0.2857142857142857
RV Uthappa,Bipul Sharma,0.5
MK Pandey,A Nehra,0.5
RV Uthappa,A Nehra,0.25
YK Pathan,BCJ Cutting,1.0
YK Pathan,Bipul Sharma,0.0
YK Pathan,B Kumar,0.4
MK Pandey,B Kumar,0.16666666666666666
YK Pathan,A Nehra,0.25
SA Yadav,A Nehra,0.0
C de Grandhomme,A Nehra,0.0
C de Grandhomme,B Kumar,0.5
CR Woakes,B Kumar,1.0
DA Warner,UT Yadav,0.30434782608695654
S Dhawan,UT Yadav,0.375
S Dhawan,TA Boult,0.42857142857142855
DA Warner,TA Boult,0.2
S Dhawan,SP Narine,0.75
DA Warner,SP Narine,0.36
S Dhawan,Kuldeep Yadav,0.4166666666666667
DA Warner,Kuldeep Yadav,0.36
DA Warner,YK Pathan,0.3333333333333333
S Dhawan,YK Pathan,0.0
MC Henriques,YK Pathan,0.0
MC Henriques,SP Narine,0.3333333333333333
MC Henriques,Kuldeep Yadav,0.3333333333333333
Yuvraj Singh,Kuldeep Yadav,0.6666666666666666
MC Henriques,CR Woakes,0.3333333333333333
Yuvraj Singh,CR Woakes,0.4
DJ Hooda,CR Woakes,1.0
DJ Hooda,Kuldeep Yadav,0.5
Yuvraj Singh,UT Yadav,0.0
DJ Hooda,UT Yadav,0.0
Yuvraj Singh,SP Narine,0.4
DJ Hooda,SP Narine,0.0
BCJ Cutting,SP Narine,0.5
BCJ Cutting,CR Woakes,0.6
NV Ojha,CR Woakes,0.5
NV Ojha,SP Narine,0.3333333333333333
BCJ Cutting,TA Boult,0.0
Bipul Sharma,TA Boult,0.4
NV Ojha,TA Boult,0.36363636363636365
Bipul Sharma,CR Woakes,0.0
SV Samson,Sandeep Sharma,0.07142857142857142
SW Billings,MM Sharma,0.4
SW Billings,Sandeep Sharma,0.125
SW Billings,AR Patel,0.6666666666666666
SV Samson,AR Patel,0.6666666666666666
SW Billings,VR Aaron,0.2
SV Samson,VR Aaron,1.0
SV Samson,MM Sharma,0.2
SW Billings,KC Cariappa,0.6666666666666666
SV Samson,KC Cariappa,0.3333333333333333
KK Nair,VR Aaron,0.0
SS Iyer,VR Aaron,0.2857142857142857
SS Iyer,KC Cariappa,0.25
SS Iyer,AR Patel,0.5
SS Iyer,MM Sharma,0.3333333333333333
RR Pant,AR Patel,0.6666666666666666
CJ Anderson,GJ Maxwell,0.2631578947368421
RR Pant,GJ Maxwell,0.3333333333333333
CJ Anderson,KC Cariappa,0.5
RR Pant,KC Cariappa,0.25
RR Pant,VR Aaron,0.0
CH Morris,VR Aaron,0.3333333333333333
CJ Anderson,VR Aaron,0.0
CH Morris,MM Sharma,0.5
CJ Anderson,MM Sharma,0.3333333333333333
CJ Anderson,Sandeep Sharma,0.4
CH Morris,Sandeep Sharma,0.5
PJ Cummins,Sandeep Sharma,0.2
CJ Anderson,AR Patel,0.4
PJ Cummins,AR Patel,1.0
M Vohra,Z Khan,0.25
HM Amla,Z Khan,0.3333333333333333
HM Amla,S Nadeem,0.4
M Vohra,S Nadeem,0.0
WP Saha,S Nadeem,0.3333333333333333
WP Saha,Z Khan,1.0
EJG Morgan,S Nadeem,0.3333333333333333
EJG Morgan,CH Morris,0.8
HM Amla,CH Morris,0.2
DA Miller,CH Morris,0.5
EJG Morgan,PJ Cummins,0.4
DA Miller,PJ Cummins,0.375
EJG Morgan,A Mishra,0.5
DA Miller,A Mishra,0.4444444444444444
GJ Maxwell,A Mishra,0.0
AR Patel,A Mishra,0.2
DA Miller,CJ Anderson,0.6666666666666666
AR Patel,CJ Anderson,0.875
MM Sharma,CJ Anderson,0.5
AR Patel,Z Khan,0.5
MM Sharma,Z Khan,0.75
MM Sharma,CH Morris,0.3333333333333333
AR Patel,CH Morris,0.3333333333333333
AR Patel,PJ Cummins,1.0
MM Sharma,PJ Cummins,0.3333333333333333
KC Cariappa,PJ Cummins,1.0
KC Cariappa,CH Morris,0.0
Sandeep Sharma,CH Morris,1.0
DR Smith,MJ McClenaghan,0.0
SK Raina,MJ McClenaghan,1.0
BB McCullum,MJ McClenaghan,0.3333333333333333
BB McCullum,SL Malinga,0.2857142857142857
SK Raina,SL Malinga,0.4
SK Raina,Harbhajan Singh,0.5833333333333334
BB McCullum,Harbhajan Singh,0.5555555555555556
SK Raina,JJ Bumrah,0.25
BB McCullum,JJ Bumrah,0.18181818181818182
SK Raina,KH Pandya,0.7777777777777778
BB McCullum,KH Pandya,0.5555555555555556
Ishan Kishan,Harbhajan Singh,0.375
Ishan Kishan,JJ Bumrah,0.5
Ishan Kishan,SL Malinga,0.3
KD Karthik,SL Malinga,0.5714285714285714
KD Karthik,HH Pandya,0.2
Ishan Kishan,HH Pandya,1.0
KD Karthik,MJ McClenaghan,0.3
KD Karthik,JJ Bumrah,0.375
Ishan Kishan,MJ McClenaghan,0.21428571428571427
JJ Roy,MJ McClenaghan,0.0
JJ Roy,SL Malinga,0.6666666666666666
JJ Roy,JJ Bumrah,0.6666666666666666
PA Patel,P Kumar,0.0
N Rana,P Kumar,0.16666666666666666
N Rana,Basil Thampi,0.4444444444444444
JC Buttler,Basil Thampi,0.25
JC Buttler,P Kumar,0.0
N Rana,MM Patel,0.5714285714285714
JC Buttler,MM Patel,0.16666666666666666
N Rana,AJ Tye,0.25
JC Buttler,AJ Tye,0.6666666666666666
N Rana,RA Jadeja,0.5714285714285714
JC Buttler,RA Jadeja,0.625
RG Sharma,AJ Tye,1.0
RG Sharma,RA Jadeja,0.45454545454545453
KA Pollard,MM Patel,0.42857142857142855
RG Sharma,MM Patel,0.25
KA Pollard,Basil Thampi,0.8181818181818182
RG Sharma,Basil Thampi,0.8333333333333334
KA Pollard,DR Smith,0.0
RG Sharma,DR Smith,0.5
KA Pollard,RA Jadeja,1.0
KA Pollard,AJ Tye,0.2
HH Pandya,AJ Tye,0.5
RG Sharma,P Kumar,0.0
AM Rahane,AF Milne,0.36363636363636365
RA Tripathi,AF Milne,0.14285714285714285
AM Rahane,S Badree,0.4166666666666667
RA Tripathi,S Badree,0.7142857142857143
RA Tripathi,S Aravind,0.26666666666666666
RA Tripathi,SR Watson,0.5
AM Rahane,SR Watson,0.0
AM Rahane,S Aravind,1.0
AM Rahane,P Negi,0.6
RA Tripathi,P Negi,0.5714285714285714
SPD Smith,S Badree,0.4
SPD Smith,P Negi,0.6153846153846154
MS Dhoni,P Negi,0.2
MS Dhoni,S Badree,0.4
SPD Smith,SR Watson,0.6
MS Dhoni,SR Watson,0.25
SPD Smith,YS Chahal,0.5
MS Dhoni,YS Chahal,0.25
SPD Smith,S Aravind,0.2727272727272727
MS Dhoni,S Aravind,0.5714285714285714
DT Christian,S Aravind,0.3333333333333333
BA Stokes,S Aravind,1.0
BA Stokes,AF Milne,0.0
SN Thakur,AF Milne,0.0
JD Unadkat,AF Milne,0.4
MK Tiwary,AF Milne,0.21428571428571427
MK Tiwary,SR Watson,0.0
V Kohli,JD Unadkat,0.47058823529411764
Mandeep Singh,JD Unadkat,0.0
V Kohli,SN Thakur,0.125
Mandeep Singh,SN Thakur,0.0
AB de Villiers,SN Thakur,0.3333333333333333
AB de Villiers,JD Unadkat,0.1111111111111111
AB de Villiers,DT Christian,0.3333333333333333
V Kohli,DT Christian,0.26666666666666666
V Kohli,BA Stokes,0.5
AB de Villiers,BA Stokes,0.4
AB de Villiers,Imran Tahir,0.5
KM Jadhav,Imran Tahir,0.7142857142857143
KM Jadhav,BA Stokes,1.0
KM Jadhav,DT Christian,0.5454545454545454
SR Watson,Imran Tahir,0.5
SR Watson,DT Christian,1.0
KM Jadhav,SN Thakur,1.0
SR Watson,SN Thakur,0.2
SR Watson,JD Unadkat,1.0
KM Jadhav,JD Unadkat,0.25
STR Binny,JD Unadkat,1.0
STR Binny,BA Stokes,0.5
SR Watson,BA Stokes,0.0
P Negi,BA Stokes,0.0
P Negi,DT Christian,0.6
STR Binny,DT Christian,0.3333333333333333
P Negi,SN Thakur,0.0
STR Binny,SN Thakur,0.5
AF Milne,SN Thakur,1.0
AF Milne,JD Unadkat,1.0
S Badree,JD Unadkat,0.14285714285714285
S Aravind,JD Unadkat,0.25
S Aravind,BA Stokes,0.3333333333333333
AF Milne,BA Stokes,0.0
YS Chahal,BA Stokes,0.5
SV Samson,NM Coulter-Nile,0.4
SW Billings,NM Coulter-Nile,0.5
SW Billings,CR Woakes,1.0
SV Samson,CR Woakes,0.5
SW Billings,UT Yadav,0.5
SV Samson,UT Yadav,0.3
SW Billings,SP Narine,0.7142857142857143
SV Samson,SP Narine,0.75
SW Billings,Kuldeep Yadav,0.3333333333333333
SV Samson,Kuldeep Yadav,0.5
KK Nair,NM Coulter-Nile,0.125
KK Nair,UT Yadav,0.375
SS Iyer,UT Yadav,0.3076923076923077
KK Nair,CR Woakes,0.7142857142857143
SS Iyer,CR Woakes,0.7
SS Iyer,C de Grandhomme,0.4444444444444444
KK Nair,C de Grandhomme,1.0
SS Iyer,Kuldeep Yadav,0.8888888888888888
KK Nair,Kuldeep Yadav,0.25
KK Nair,SP Narine,0.375
SS Iyer,SP Narine,0.5555555555555556
RR Pant,SP Narine,0.8333333333333334
RR Pant,NM Coulter-Nile,0.2
RR Pant,Kuldeep Yadav,0.5
AD Mathews,Kuldeep Yadav,0.5
RR Pant,UT Yadav,0.0
AD Mathews,SP Narine,0.0
CH Morris,SP Narine,0.4
PJ Cummins,NM Coulter-Nile,0.6666666666666666
CH Morris,NM Coulter-Nile,0.42857142857142855
CH Morris,CR Woakes,0.4
PJ Cummins,CR Woakes,1.0
Mohammed Shami,CR Woakes,0.0
G Gambhir,Z Khan,0.36363636363636365
C de Grandhomme,Z Khan,0.5
G Gambhir,PJ Cummins,0.38461538461538464
RV Uthappa,PJ Cummins,0.36363636363636365
MK Pandey,Z Khan,0.375
YK Pathan,CH Morris,0.2222222222222222
MK Pandey,CH Morris,0.5
YK Pathan,Z Khan,0.3333333333333333
MK Pandey,PJ Cummins,0.5555555555555556
YK Pathan,PJ Cummins,0.3333333333333333
MK Pandey,A Mishra,0.36363636363636365
YK Pathan,A Mishra,0.4
MK Pandey,Mohammed Shami,0.45454545454545453
YK Pathan,Mohammed Shami,0.5555555555555556
YK Pathan,AD Mathews,0.5
MK Pandey,AD Mathews,0.75
SA Yadav,PJ Cummins,0.3333333333333333
SA Yadav,CH Morris,1.0
CR Woakes,PJ Cummins,1.0
CR Woakes,CH Morris,1.0
CR Woakes,A Mishra,0.0
SP Narine,A Mishra,1.0
DA Warner,Sandeep Sharma,0.3333333333333333
S Dhawan,Sandeep Sharma,0.3333333333333333
DA Warner,I Sharma,0.3157894736842105
S Dhawan,I Sharma,0.4117647058823529
S Dhawan,MM Sharma,0.3333333333333333
DA Warner,MM Sharma,0.42857142857142855
MC Henriques,I Sharma,0.0
MC Henriques,KC Cariappa,0.6
DA Warner,KC Cariappa,0.4117647058823529
MC Henriques,MM Sharma,0.375
MC Henriques,AR Patel,0.0
Yuvraj Singh,AR Patel,0.0
NV Ojha,AR Patel,0.36363636363636365
DA Warner,AR Patel,0.4166666666666667
NV Ojha,KC Cariappa,0.4
NV Ojha,Sandeep Sharma,0.0
NV Ojha,I Sharma,0.5
DJ Hooda,KC Cariappa,1.0
DJ Hooda,MM Sharma,0.5
DJ Hooda,AR Patel,0.2
Mohammad Nabi,Sandeep Sharma,0.0
Rashid Khan,Sandeep Sharma,0.0
HM Amla,B Kumar,0.0
GJ Maxwell,B Kumar,0.0
M Vohra,BB Sran,0.16666666666666666
GJ Maxwell,BB Sran,0.0
M Vohra,B Kumar,0.4
M Vohra,S Kaul,0.5555555555555556
EJG Morgan,S Kaul,0.6363636363636364
EJG Morgan,Mohammad Nabi,0.3333333333333333
M Vohra,Mohammad Nabi,0.2727272727272727
M Vohra,Rashid Khan,0.2
EJG Morgan,Rashid Khan,0.4166666666666667
EJG Morgan,MC Henriques,0.5
M Vohra,MC Henriques,0.4
DA Miller,Mohammad Nabi,0.3333333333333333
DA Miller,Rashid Khan,0.0
WP Saha,Rashid Khan,0.25
AR Patel,Mohammad Nabi,0.2857142857142857
AR Patel,Rashid Khan,1.0
AR Patel,MC Henriques,0.3333333333333333
MM Sharma,BB Sran,0.3333333333333333
MM Sharma,Rashid Khan,1.0
MM Sharma,B Kumar,0.5
KC Cariappa,B Kumar,0.0
KC Cariappa,S Kaul,0.5
I Sharma,B Kumar,0.6666666666666666
Sandeep Sharma,B Kumar,1.0
Sandeep Sharma,S Kaul,0.3333333333333333
I Sharma,S Kaul,0.0
CH Gayle,DS Kulkarni,0.25
V Kohli,DS Kulkarni,0.26666666666666666
V Kohli,Basil Thampi,0.23529411764705882
CH Gayle,Basil Thampi,0.2727272727272727
V Kohli,AJ Tye,0.4444444444444444
CH Gayle,AJ Tye,0.5
V Kohli,RA Jadeja,0.5
CH Gayle,RA Jadeja,0.125
V Kohli,S Kaushik,0.5555555555555556
CH Gayle,S Kaushik,0.375
CH Gayle,DR Smith,0.4
V Kohli,DR Smith,1.0
TM Head,Basil Thampi,0.125
TM Head,RA Jadeja,0.5
TM Head,S Kaushik,0.5
TM Head,DS Kulkarni,1.0
KM Jadhav,DS Kulkarni,1.0
KM Jadhav,AJ Tye,0.15384615384615385
TM Head,AJ Tye,0.5
KM Jadhav,RA Jadeja,0.3
DR Smith,P Negi,0.5
BB McCullum,P Negi,0.1875
DR Smith,YS Chahal,0.0
BB McCullum,YS Chahal,0.6363636363636364
SK Raina,YS Chahal,0.46153846153846156
BB McCullum,S Aravind,0.6
SK Raina,S Aravind,0.15384615384615385
AJ Finch,YS Chahal,0.35714285714285715
BB McCullum,AF Milne,0.5
AJ Finch,AF Milne,0.125
AJ Finch,SR Watson,1.0
BB McCullum,SR Watson,0.6
AJ Finch,P Negi,0.2857142857142857
KD Karthik,P Negi,0.0
KD Karthik,S Aravind,0.5
RA Jadeja,P Negi,0.125
RA Jadeja,AF Milne,0.6666666666666666
RA Jadeja,SR Watson,0.5
RA Jadeja,YS Chahal,0.5
Ishan Kishan,TM Head,0.8
RA Jadeja,TM Head,0.6666666666666666
Ishan Kishan,S Aravind,0.07142857142857142
RA Jadeja,S Aravind,0.5
AJ Tye,TM Head,0.0
AJ Tye,AF Milne,0.5
Ishan Kishan,AF Milne,0.0
Basil Thampi,AF Milne,0.0
DA Warner,J Yadav,0.2857142857142857
S Dhawan,J Yadav,0.75
DA Warner,CH Morris,0.5
S Dhawan,CH Morris,0.16666666666666666
KS Williamson,J Yadav,0.4166666666666667
KS Williamson,CH Morris,0.25
KS Williamson,Z Khan,0.5454545454545454
S Dhawan,Z Khan,0.8571428571428571
KS Williamson,PJ Cummins,0.26666666666666666
S Dhawan,PJ Cummins,0.6
S Dhawan,AD Mathews,0.7142857142857143
KS Williamson,AD Mathews,0.3
S Dhawan,A Mishra,0.5454545454545454
KS Williamson,A Mishra,0.4666666666666667
Yuvraj Singh,CH Morris,0.5555555555555556
Yuvraj Singh,AD Mathews,1.0
DJ Hooda,CH Morris,1.0
MC Henriques,CH Morris,0.8571428571428571
MC Henriques,Z Khan,0.5
DJ Hooda,Z Khan,0.5
SV Samson,B Kumar,0.06666666666666667
SW Billings,B Kumar,0.25
SW Billings,Mohammed Siraj,0.0
KK Nair,Mohammed Siraj,0.2857142857142857
KK Nair,B Kumar,0.2
KK Nair,S Kaul,0.3333333333333333
SV Samson,S Kaul,0.5
SV Samson,Mohammed Siraj,0.45454545454545453
SV Samson,Rashid Khan,0.45454545454545453
KK Nair,Rashid Khan,0.5714285714285714
SV Samson,MC Henriques,0.8
KK Nair,MC Henriques,0.2222222222222222
SV Samson,Yuvraj Singh,0.25
RR Pant,Yuvraj Singh,0.0
SS Iyer,Yuvraj Singh,0.4
SS Iyer,S Kaul,0.4
SS Iyer,Rashid Khan,0.5
SS Iyer,MC Henriques,0.4444444444444444
SS Iyer,Mohammed Siraj,0.6666666666666666
AD Mathews,Mohammed Siraj,0.3333333333333333
AD Mathews,Rashid Khan,1.0
AD Mathews,MC Henriques,0.25
AD Mathews,B Kumar,0.7142857142857143
SS Iyer,B Kumar,0.5
AD Mathews,S Kaul,0.25
HM Amla,HH Pandya,0.25
SE Marsh,HH Pandya,0.375
SE Marsh,MJ McClenaghan,0.2222222222222222
HM Amla,MJ McClenaghan,0.16666666666666666
SE Marsh,Harbhajan Singh,0.45454545454545453
HM Amla,Harbhajan Singh,0.75
HM Amla,SL Malinga,0.2777777777777778
SE Marsh,SL Malinga,0.5
WP Saha,MJ McClenaghan,0.375
HM Amla,KH Pandya,0.5
WP Saha,KH Pandya,0.75
WP Saha,Harbhajan Singh,0.7
HM Amla,JJ Bumrah,0.5555555555555556
WP Saha,JJ Bumrah,0.29411764705882354
GJ Maxwell,SL Malinga,0.5
GJ Maxwell,KH Pandya,0.5
GJ Maxwell,JJ Bumrah,0.2
GJ Maxwell,MJ McClenaghan,0.25
MP Stoinis,JJ Bumrah,0.5
MP Stoinis,MJ McClenaghan,0.0
AR Patel,JJ Bumrah,0.5
AR Patel,SL Malinga,0.3333333333333333
PA Patel,Sandeep Sharma,0.45454545454545453
JC Buttler,Sandeep Sharma,0.3333333333333333
PA Patel,I Sharma,0.4
JC Buttler,I Sharma,0.42857142857142855
PA Patel,MM Sharma,0.2857142857142857
JC Buttler,MM Sharma,0.0
PA Patel,MP Stoinis,0.2
JC Buttler,MP Stoinis,0.75
N Rana,MP Stoinis,0.75
N Rana,AR Patel,0.2
JC Buttler,AR Patel,0.5
JC Buttler,Swapnil Singh,1.0
N Rana,Swapnil Singh,0.5
N Rana,I Sharma,0.4166666666666667
N Rana,Sandeep Sharma,0.5
N Rana,MM Sharma,0.2222222222222222
HH Pandya,MM Sharma,1.0
HH Pandya,I Sharma,0.0
SP Narine,P Kumar,0.0
G Gambhir,JP Faulkner,0.5
SP Narine,JP Faulkner,0.0
G Gambhir,Basil Thampi,1.0
SP Narine,Basil Thampi,0.0
G Gambhir,SK Raina,0.6666666666666666
SP Narine,SK Raina,0.0
RV Uthappa,SK Raina,0.6
RV Uthappa,DS Kulkarni,0.42857142857142855
RV Uthappa,RA Jadeja,0.5454545454545454
G Gambhir,RA Jadeja,0.8571428571428571
G Gambhir,DR Smith,0.625
RV Uthappa,DR Smith,0.8
RV Uthappa,JP Faulkner,0.3333333333333333
MK Pandey,RA Jadeja,0.5
MK Pandey,JP Faulkner,0.6
MK Pandey,Basil Thampi,0.25
RV Uthappa,Basil Thampi,0.2857142857142857
MK Pandey,P Kumar,1.0
RV Uthappa,P Kumar,0.0
YK Pathan,P Kumar,0.0
SA Yadav,Basil Thampi,1.0
YK Pathan,Basil Thampi,0.0
Shakib Al Hasan,Basil Thampi,1.0
AJ Finch,Shakib Al Hasan,0.16666666666666666
BB McCullum,Shakib Al Hasan,0.2222222222222222
AJ Finch,SP Narine,0.0
BB McCullum,NM Coulter-Nile,0.25
AJ Finch,NM Coulter-Nile,0.0
SK Raina,Shakib Al Hasan,0.6666666666666666
KD Karthik,NM Coulter-Nile,0.0
Ishan Kishan,NM Coulter-Nile,0.3333333333333333
SK Raina,NM Coulter-Nile,0.3333333333333333
Ishan Kishan,CR Woakes,0.5
Ishan Kishan,Kuldeep Yadav,0.2
Ishan Kishan,SP Narine,1.0
DR Smith,Kuldeep Yadav,0.0
SK Raina,UT Yadav,0.5
DR Smith,UT Yadav,0.5
RA Jadeja,UT Yadav,1.0
RA Jadeja,Kuldeep Yadav,1.0
RA Jadeja,SP Narine,0.0
RA Jadeja,NM Coulter-Nile,0.5
JP Faulkner,Kuldeep Yadav,0.0
JP Faulkner,NM Coulter-Nile,1.0
PA Patel,K Rabada,0.4444444444444444
JC Buttler,K Rabada,0.2222222222222222
PA Patel,CH Morris,0.25
JC Buttler,CH Morris,0.0
PA Patel,Z Khan,0.5
JC Buttler,Z Khan,0.25
N Rana,Z Khan,1.0
N Rana,CH Morris,0.0
RG Sharma,CH Morris,0.2
RG Sharma,A Mishra,0.3333333333333333
N Rana,A Mishra,0.2
N Rana,PJ Cummins,0.0
KA Pollard,PJ Cummins,0.2631578947368421
RG Sharma,PJ Cummins,0.5
KH Pandya,A Mishra,0.0
KA Pollard,A Mishra,0.22727272727272727
KH Pandya,PJ Cummins,0.2
KA Pollard,K Rabada,0.4444444444444444
KH Pandya,K Rabada,0.25
KH Pandya,Z Khan,0.25
KA Pollard,Z Khan,0.45454545454545453
HH Pandya,A Mishra,0.5
HH Pandya,Z Khan,1.0
HH Pandya,PJ Cummins,0.38461538461538464
HH Pandya,CH Morris,0.5
KA Pollard,CH Morris,1.0
Harbhajan Singh,PJ Cummins,1.0
HH Pandya,K Rabada,0.16666666666666666
Harbhajan Singh,K Rabada,1.0
MJ McClenaghan,CH Morris,1.0
MG Johnson,CH Morris,0.0
SV Samson,MG Johnson,0.2
AP Tare,MG Johnson,0.0
KK Nair,MJ McClenaghan,0.36363636363636365
SV Samson,MJ McClenaghan,0.0
SS Iyer,MJ McClenaghan,0.25
KK Nair,MG Johnson,0.1
SS Iyer,MG Johnson,0.0
CJ Anderson,MJ McClenaghan,0.0
RR Pant,JJ Bumrah,0.0
K Rabada,JJ Bumrah,0.3333333333333333
K Rabada,HH Pandya,0.5
KK Nair,HH Pandya,0.0
CH Morris,HH Pandya,0.3333333333333333
K Rabada,Harbhajan Singh,0.4
CH Morris,Harbhajan Singh,0.5454545454545454
CH Morris,JJ Bumrah,0.8
CH Morris,MG Johnson,0.2
K Rabada,MG Johnson,0.5
K Rabada,KH Pandya,1.0
CH Morris,KH Pandya,0.5
CH Morris,MJ McClenaghan,0.5
K Rabada,MJ McClenaghan,0.75
PJ Cummins,JJ Bumrah,0.5
PJ Cummins,HH Pandya,0.3333333333333333
DA Warner,JD Unadkat,0.7777777777777778
S Dhawan,JD Unadkat,0.25
DA Warner,Washington Sundar,0.3333333333333333
S Dhawan,Washington Sundar,0.42857142857142855
DA Warner,BA Stokes,0.5
S Dhawan,BA Stokes,0.2
S Dhawan,SN Thakur,0.5
DA Warner,SN Thakur,0.2857142857142857
DA Warner,DT Christian,0.42857142857142855
S Dhawan,DT Christian,0.3333333333333333
S Dhawan,Imran Tahir,0.0
DA Warner,Imran Tahir,0.5714285714285714
KS Williamson,Imran Tahir,0.6
KS Williamson,DT Christian,0.16666666666666666
KS Williamson,BA Stokes,0.2
MC Henriques,DT Christian,0.4
MC Henriques,SN Thakur,0.35714285714285715
MC Henriques,Imran Tahir,0.375
MC Henriques,JD Unadkat,0.3333333333333333
DJ Hooda,JD Unadkat,0.4
DJ Hooda,SN Thakur,0.6
AM Rahane,B Kumar,0.5
RA Tripathi,B Kumar,0.1111111111111111
AM Rahane,Bipul Sharma,0.4
RA Tripathi,Bipul Sharma,0.45454545454545453
SPD Smith,Bipul Sharma,0.5238095238095238
RA Tripathi,Mohammed Siraj,0.125
RA Tripathi,S Kaul,0.2
SPD Smith,S Kaul,0.625
SPD Smith,Rashid Khan,0.631578947368421
RA Tripathi,Rashid Khan,0.5714285714285714
MS Dhoni,Rashid Khan,0.2727272727272727
RA Tripathi,MC Henriques,1.0
MS Dhoni,MC Henriques,0.5
MS Dhoni,Mohammed Siraj,0.5
BA Stokes,Rashid Khan,0.42857142857142855
BA Stokes,S Kaul,0.375
MS Dhoni,S Kaul,0.36363636363636365
BA Stokes,Mohammed Siraj,1.0
BA Stokes,B Kumar,0.0
MS Dhoni,B Kumar,0.25
MK Tiwary,B Kumar,0.5
MK Tiwary,Mohammed Siraj,0.5
MK Tiwary,S Kaul,0.6666666666666666
M Vohra,SS Agarwal,1.0
HM Amla,SS Agarwal,0.5
M Vohra,NB Singh,0.0
SE Marsh,NB Singh,0.3333333333333333
SE Marsh,SK Raina,0.25
HM Amla,SK Raina,0.5
HM Amla,NB Singh,0.25
HM Amla,Basil Thampi,0.5
SE Marsh,Basil Thampi,0.45454545454545453
HM Amla,AJ Tye,0.1111111111111111
SE Marsh,RA Jadeja,0.46153846153846156
HM Amla,RA Jadeja,0.5625
SE Marsh,SS Agarwal,0.2
SE Marsh,AJ Tye,0.0
GJ Maxwell,AJ Tye,1.0
GJ Maxwell,SS Agarwal,0.3333333333333333
GJ Maxwell,Basil Thampi,0.8333333333333334
GJ Maxwell,RA Jadeja,0.5
AR Patel,RA Jadeja,0.6666666666666666
MP Stoinis,RA Jadeja,1.0
AR Patel,AJ Tye,0.7142857142857143
MP Stoinis,AJ Tye,0.6
MP Stoinis,Basil Thampi,0.3333333333333333
AR Patel,Basil Thampi,0.2
AR Patel,DR Smith,0.0
MM Sharma,DR Smith,1.0
WP Saha,DR Smith,1.0
WP Saha,Basil Thampi,0.25
MM Sharma,Basil Thampi,0.5
BB McCullum,Sandeep Sharma,0.0
AJ Finch,MM Sharma,0.16666666666666666
SK Raina,MM Sharma,0.6363636363636364
SK Raina,Sandeep Sharma,0.4
AJ Finch,Sandeep Sharma,0.25
SK Raina,T Natarajan,0.5
AJ Finch,T Natarajan,0.5
SK Raina,KC Cariappa,0.5
AJ Finch,KC Cariappa,0.0
KD Karthik,MM Sharma,0.5625
KD Karthik,KC Cariappa,0.6666666666666666
KD Karthik,T Natarajan,0.5454545454545454
KD Karthik,AR Patel,0.6923076923076923
SK Raina,AR Patel,0.5
KD Karthik,MP Stoinis,0.3333333333333333
RA Jadeja,MP Stoinis,1.0
RA Jadeja,AR Patel,0.3333333333333333
RA Jadeja,KC Cariappa,0.3333333333333333
DR Smith,AR Patel,0.36363636363636365
AD Nath,KC Cariappa,0.0
AJ Tye,KC Cariappa,0.6666666666666666
AJ Tye,AR Patel,0.25
AJ Tye,MM Sharma,0.3333333333333333
KD Karthik,Sandeep Sharma,0.5
AJ Tye,Sandeep Sharma,0.0
Basil Thampi,Sandeep Sharma,0.6
Basil Thampi,T Natarajan,0.3333333333333333
Basil Thampi,MM Sharma,0.0
SP Narine,S Badree,0.125
G Gambhir,TS Mills,0.1
SP Narine,S Aravind,0.1875
G Gambhir,S Aravind,0.5
SP Narine,TS Mills,0.5
RV Uthappa,TS Mills,0.0
RV Uthappa,S Aravind,1.0
RV Uthappa,STR Binny,0.25
SP Narine,STR Binny,0.0
MK Pandey,S Badree,0.4
RV Uthappa,S Badree,0.0
YK Pathan,S Badree,0.5
MK Pandey,YS Chahal,0.8333333333333334
YK Pathan,YS Chahal,0.18181818181818182
SA Yadav,YS Chahal,0.5714285714285714
SA Yadav,S Badree,0.3333333333333333
C de Grandhomme,YS Chahal,0.14285714285714285
CR Woakes,YS Chahal,0.4
CR Woakes,P Negi,0.18181818181818182
SA Yadav,P Negi,0.6666666666666666
CR Woakes,S Aravind,1.0
SA Yadav,S Aravind,0.25
CR Woakes,TS Mills,0.0
SA Yadav,TS Mills,0.5
NM Coulter-Nile,TS Mills,1.0
NM Coulter-Nile,P Negi,0.3333333333333333
Kuldeep Yadav,P Negi,0.5
Kuldeep Yadav,TS Mills,0.5
UT Yadav,TS Mills,0.0
Kuldeep Yadav,S Aravind,0.0
CH Gayle,NM Coulter-Nile,0.16666666666666666
V Kohli,NM Coulter-Nile,0.0
Mandeep Singh,NM Coulter-Nile,1.0
Mandeep Singh,UT Yadav,0.25
AB de Villiers,UT Yadav,0.0
AB de Villiers,NM Coulter-Nile,0.0
KM Jadhav,NM Coulter-Nile,0.0
CH Gayle,UT Yadav,0.2
KM Jadhav,UT Yadav,0.5
STR Binny,NM Coulter-Nile,0.0
STR Binny,UT Yadav,0.0
CH Gayle,CR Woakes,0.0
STR Binny,CR Woakes,0.0
S Badree,CR Woakes,0.0
P Negi,C de Grandhomme,0.0
TS Mills,C de Grandhomme,0.25
TS Mills,CR Woakes,1.0
S Aravind,CR Woakes,0.0
S Aravind,C de Grandhomme,1.0
YS Chahal,C de Grandhomme,0.0
AM Rahane,MG Johnson,0.375
RA Tripathi,MG Johnson,0.5555555555555556
RA Tripathi,MJ McClenaghan,0.2
RA Tripathi,KV Sharma,0.4444444444444444
AM Rahane,KV Sharma,0.375
RA Tripathi,JJ Bumrah,0.0
RA Tripathi,Harbhajan Singh,0.625
AM Rahane,Harbhajan Singh,0.5714285714285714
SPD Smith,KV Sharma,0.36363636363636365
SPD Smith,Harbhajan Singh,0.6666666666666666
MS Dhoni,Harbhajan Singh,0.6666666666666666
MS Dhoni,MG Johnson,0.5
BA Stokes,MG Johnson,0.3333333333333333
BA Stokes,MJ McClenaghan,0.2
MK Tiwary,MG Johnson,0.14285714285714285
MK Tiwary,JJ Bumrah,0.4782608695652174
DT Christian,JJ Bumrah,0.0
MK Tiwary,MJ McClenaghan,0.625
DT Christian,MJ McClenaghan,0.0
Washington Sundar,JJ Bumrah,0.0
PA Patel,Washington Sundar,0.4642857142857143
JC Buttler,Washington Sundar,0.25
PA Patel,SN Thakur,0.2727272727272727
JC Buttler,SN Thakur,0.0
PA Patel,JD Unadkat,0.5
JC Buttler,JD Unadkat,0.5
N Rana,SN Thakur,1.0
N Rana,Washington Sundar,0.6666666666666666
PA Patel,DT Christian,0.7142857142857143
N Rana,DT Christian,0.0
RG Sharma,DT Christian,0.0
RG Sharma,Washington Sundar,0.5
KV Sharma,JD Unadkat,0.5714285714285714
RG Sharma,JD Unadkat,0.3
KV Sharma,Imran Tahir,0.2
KV Sharma,BA Stokes,0.0
RG Sharma,BA Stokes,0.6666666666666666
KA Pollard,SN Thakur,0.6666666666666666
RG Sharma,SN Thakur,0.5714285714285714
HH Pandya,JD Unadkat,0.0
Harbhajan Singh,JD Unadkat,0.0
AM Rahane,UT Yadav,0.2
RA Tripathi,UT Yadav,0.26666666666666666
AM Rahane,CR Woakes,0.42857142857142855
RA Tripathi,CR Woakes,0.4
AM Rahane,SP Narine,0.5714285714285714
RA Tripathi,SP Narine,0.3684210526315789
AM Rahane,C de Grandhomme,0.8333333333333334
RA Tripathi,C de Grandhomme,1.0
AM Rahane,PP Chawla,0.4
RA Tripathi,PP Chawla,0.3333333333333333
SPD Smith,PP Chawla,0.5714285714285714
SPD Smith,C de Grandhomme,0.25
AM Rahane,Kuldeep Yadav,0.3333333333333333
SPD Smith,Kuldeep Yadav,0.5
SPD Smith,SP Narine,0.5714285714285714
MS Dhoni,SP Narine,0.5
MS Dhoni,PP Chawla,0.25
MS Dhoni,Kuldeep Yadav,0.2222222222222222
MK Tiwary,Kuldeep Yadav,0.5
DT Christian,Kuldeep Yadav,0.25
SPD Smith,CR Woakes,0.42857142857142855
DT Christian,CR Woakes,0.4
SPD Smith,UT Yadav,0.4444444444444444
DT Christian,UT Yadav,0.25
SP Narine,JD Unadkat,0.18181818181818182
G Gambhir,JD Unadkat,0.5555555555555556
SP Narine,SN Thakur,0.2
G Gambhir,SN Thakur,0.75
G Gambhir,Washington Sundar,0.1111111111111111
SP Narine,Washington Sundar,0.5
RV Uthappa,Washington Sundar,0.16666666666666666
RV Uthappa,SN Thakur,0.2727272727272727
RV Uthappa,DT Christian,0.6666666666666666
G Gambhir,DT Christian,0.38461538461538464
RV Uthappa,Imran Tahir,0.42857142857142855
G Gambhir,Imran Tahir,0.6
RV Uthappa,JD Unadkat,0.16666666666666666
G Gambhir,RA Tripathi,0.6666666666666666
RV Uthappa,RA Tripathi,0.6666666666666666
DM Bravo,DT Christian,0.5
DM Bravo,SN Thakur,0.0
CH Gayle,NB Singh,0.25
V Kohli,NB Singh,0.2
AB de Villiers,Basil Thampi,0.0
AB de Villiers,AJ Tye,0.0
KM Jadhav,Basil Thampi,0.0
AB de Villiers,RA Jadeja,0.5
KM Jadhav,Ankit Soni,0.75
AB de Villiers,Ankit Soni,0.6
Mandeep Singh,RA Jadeja,0.6
Mandeep Singh,Ankit Soni,0.3333333333333333
P Negi,Ankit Soni,0.16666666666666666
P Negi,RA Jadeja,0.2
Mandeep Singh,AJ Tye,0.75
P Negi,AJ Tye,0.5
P Negi,JP Faulkner,0.5
Mandeep Singh,JP Faulkner,0.5
S Badree,Ankit Soni,1.0
S Badree,RA Jadeja,0.0
S Aravind,RA Jadeja,0.5
S Aravind,AJ Tye,0.2857142857142857
A Choudhary,AJ Tye,0.6666666666666666
A Choudhary,JP Faulkner,1.0
S Aravind,JP Faulkner,0.4
S Aravind,Basil Thampi,1.0
A Choudhary,Basil Thampi,0.5
YS Chahal,JP Faulkner,0.0
Ishan Kishan,S Badree,0.0
BB McCullum,S Badree,0.5
SK Raina,S Badree,0.3333333333333333
AJ Finch,S Badree,0.2
AJ Finch,S Aravind,0.5
AJ Finch,A Choudhary,0.09090909090909091
SK Raina,A Choudhary,0.6666666666666666
SK Raina,P Negi,0.6666666666666666
SK Raina,TM Head,0.5
SV Samson,C de Grandhomme,1.0
SS Iyer,NM Coulter-Nile,0.0
CJ Anderson,NM Coulter-Nile,0.0
CH Morris,Kuldeep Yadav,0.6666666666666666
CJ Anderson,Kuldeep Yadav,0.6666666666666666
CJ Anderson,SP Narine,0.0
AR Bawne,SP Narine,0.5
AR Bawne,CR Woakes,0.4
AR Bawne,NM Coulter-Nile,0.6666666666666666
SP Narine,Z Khan,0.0
G Gambhir,K Rabada,0.4444444444444444
SP Narine,K Rabada,0.0
RV Uthappa,K Rabada,0.25
RV Uthappa,Z Khan,1.0
G Gambhir,CJ Anderson,0.4166666666666667
RV Uthappa,CJ Anderson,0.75
G Gambhir,CH Morris,0.375
RV Uthappa,CH Morris,0.5
G Gambhir,A Mishra,0.3333333333333333
RV Uthappa,A Mishra,0.4
MK Pandey,CJ Anderson,1.0
MK Pandey,K Rabada,0.0
SP Jackson,K Rabada,1.0
SP Jackson,CH Morris,0.25
DA Warner,Anureet Singh,0.5
S Dhawan,Anureet Singh,0.25
S Dhawan,AR Patel,1.0
S Dhawan,KC Cariappa,0.46153846153846156
S Dhawan,GJ Maxwell,0.6666666666666666
DA Warner,GJ Maxwell,0.5
KS Williamson,AR Patel,0.5714285714285714
KS Williamson,KC Cariappa,1.0
KS Williamson,MM Sharma,0.3333333333333333
Yuvraj Singh,MM Sharma,1.0
Yuvraj Singh,GJ Maxwell,0.3333333333333333
KS Williamson,GJ Maxwell,1.0
Yuvraj Singh,KC Cariappa,0.4
MC Henriques,GJ Maxwell,0.3333333333333333
KS Williamson,I Sharma,0.0
MJ Guptill,B Kumar,0.16666666666666666
M Vohra,A Nehra,0.5
MJ Guptill,A Nehra,0.0
SE Marsh,B Kumar,0.2
SE Marsh,A Nehra,0.25
GJ Maxwell,A Nehra,0.0
SE Marsh,S Kaul,0.3076923076923077
GJ Maxwell,S Kaul,0.0
SE Marsh,DJ Hooda,0.16666666666666666
SE Marsh,MC Henriques,0.4
SE Marsh,Rashid Khan,0.25
WP Saha,S Kaul,0.5
AR Patel,B Kumar,1.0
Anureet Singh,B Kumar,0.6
Anureet Singh,A Nehra,0.5
AR Patel,A Nehra,0.25
AR Patel,S Kaul,0.3333333333333333
Anureet Singh,S Kaul,0.6666666666666666
MM Sharma,A Nehra,0.0
I Sharma,A Nehra,0.5
RA Tripathi,YS Chahal,0.5
RA Tripathi,STR Binny,0.5
SPD Smith,STR Binny,0.5
MK Tiwary,P Negi,0.3333333333333333
MK Tiwary,S Aravind,0.6666666666666666
MK Tiwary,S Badree,0.75
MK Tiwary,YS Chahal,0.25
MK Tiwary,STR Binny,1.0
MS Dhoni,AF Milne,0.5
TM Head,DL Chahar,0.5
V Kohli,DL Chahar,0.42857142857142855
TM Head,JD Unadkat,0.0
AB de Villiers,DL Chahar,1.0
AB de Villiers,LH Ferguson,0.3333333333333333
V Kohli,LH Ferguson,1.0
KM Jadhav,LH Ferguson,0.0
V Kohli,Imran Tahir,0.5454545454545454
Sachin Baby,LH Ferguson,0.5
Sachin Baby,Washington Sundar,0.5
V Kohli,Washington Sundar,0.6
STR Binny,Washington Sundar,0.5
STR Binny,LH Ferguson,0.0
P Negi,LH Ferguson,0.0
P Negi,Washington Sundar,0.6666666666666666
P Negi,Imran Tahir,0.0
AF Milne,Imran Tahir,0.16666666666666666
S Badree,Imran Tahir,0.5
S Aravind,Imran Tahir,0.0
S Aravind,DT Christian,0.3333333333333333
YS Chahal,LH Ferguson,0.2
S Aravind,LH Ferguson,1.0
YS Chahal,DT Christian,0.25
AJ Finch,JJ Bumrah,0.2
AJ Finch,SL Malinga,0.0
Ishan Kishan,KH Pandya,0.6666666666666666
KD Karthik,KH Pandya,0.0
KD Karthik,Harbhajan Singh,0.6666666666666666
RA Jadeja,KH Pandya,0.14285714285714285
RA Jadeja,Harbhajan Singh,0.6666666666666666
RA Jadeja,SL Malinga,0.0
JP Faulkner,Harbhajan Singh,0.0
RA Jadeja,JJ Bumrah,0.2
JP Faulkner,JJ Bumrah,0.5
JP Faulkner,KH Pandya,0.5
IK Pathan,SL Malinga,1.0
JP Faulkner,SL Malinga,0.4
IK Pathan,KH Pandya,0.0
AJ Tye,KH Pandya,0.0
AJ Tye,JJ Bumrah,0.42857142857142855
AJ Tye,MJ McClenaghan,0.5
JP Faulkner,MJ McClenaghan,0.5
Basil Thampi,MJ McClenaghan,0.5
Ankit Soni,MJ McClenaghan,0.5
PA Patel,Basil Thampi,0.5
PA Patel,JP Faulkner,0.14285714285714285
PA Patel,IK Pathan,0.0
JC Buttler,Ankit Soni,0.3333333333333333
PA Patel,Ankit Soni,0.4444444444444444
PA Patel,SK Raina,0.6153846153846154
N Rana,SK Raina,0.5555555555555556
PA Patel,AJ Tye,0.2
N Rana,Ankit Soni,0.3333333333333333
RG Sharma,Ankit Soni,0.2857142857142857
RG Sharma,SK Raina,0.5
PA Patel,RA Jadeja,0.3333333333333333
RG Sharma,JP Faulkner,0.0
KA Pollard,JP Faulkner,0.4444444444444444
KH Pandya,JP Faulkner,0.375
KH Pandya,Basil Thampi,0.5
HH Pandya,Basil Thampi,0.6666666666666666
HH Pandya,JP Faulkner,1.0
Harbhajan Singh,Basil Thampi,0.0
MJ McClenaghan,Basil Thampi,0.0
KH Pandya,IK Pathan,0.5
JJ Bumrah,IK Pathan,0.0
SL Malinga,IK Pathan,0.0
JC Buttler,JP Faulkner,0.5
SV Samson,T Natarajan,0.0
KK Nair,Sandeep Sharma,0.6
SS Iyer,T Natarajan,0.25
KK Nair,T Natarajan,0.5
SS Iyer,Sandeep Sharma,0.3333333333333333
KK Nair,MM Sharma,0.5
RR Pant,MM Sharma,0.0
KK Nair,AR Patel,0.0
CH Morris,GJ Maxwell,0.5
CH Morris,AR Patel,0.3333333333333333
K Rabada,AR Patel,0.2727272727272727
K Rabada,GJ Maxwell,0.3333333333333333
A Mishra,VR Aaron,0.3333333333333333
K Rabada,VR Aaron,0.0
A Mishra,Sandeep Sharma,0.4
K Rabada,Sandeep Sharma,0.0
Mohammed Shami,Sandeep Sharma,1.0
Mohammed Shami,VR Aaron,0.3333333333333333
S Nadeem,MM Sharma,0.0
MJ Guptill,Mohammed Shami,0.1111111111111111
HM Amla,K Rabada,0.25
MJ Guptill,K Rabada,0.2
MJ Guptill,CH Morris,0.5
HM Amla,Mohammed Shami,0.25
MJ Guptill,A Mishra,0.4
HM Amla,A Mishra,1.0
MJ Guptill,S Nadeem,0.5
DA Warner,NM Coulter-Nile,0.35294117647058826
DA Warner,CR Woakes,0.25
S Dhawan,CR Woakes,0.0
S Dhawan,NM Coulter-Nile,0.3333333333333333
KS Williamson,Kuldeep Yadav,0.6666666666666666
KS Williamson,UT Yadav,0.125
KS Williamson,SP Narine,0.5714285714285714
KS Williamson,CR Woakes,0.125
Yuvraj Singh,NM Coulter-Nile,0.75
KS Williamson,NM Coulter-Nile,0.2631578947368421
SP Narine,Mohammed Siraj,0.0
G Gambhir,Mohammed Siraj,0.25
G Gambhir,S Kaul,0.2857142857142857
RV Uthappa,S Kaul,0.25
MK Pandey,Mohammed Siraj,0.5
RV Uthappa,Mohammed Siraj,0.16666666666666666
MK Pandey,S Kaul,0.4
YK Pathan,MC Henriques,0.5
YK Pathan,Mohammed Siraj,1.0
SP Jackson,Mohammed Siraj,0.25
SP Jackson,Rashid Khan,0.5714285714285714
YK Pathan,Rashid Khan,0.5
YK Pathan,S Kaul,0.2
SP Jackson,S Kaul,1.0
SP Jackson,B Kumar,0.8
C de Grandhomme,Mohammed Siraj,0.2
CR Woakes,S Kaul,0.6666666666666666
C de Grandhomme,S Kaul,0.3333333333333333
Mandeep Singh,SL Malinga,0.25
V Kohli,SL Malinga,0.5
Mandeep Singh,HH Pandya,0.3333333333333333
V Kohli,KV Sharma,0.25
Mandeep Singh,KV Sharma,0.0
TM Head,KV Sharma,0.5
TM Head,JJ Bumrah,0.0
TM Head,KH Pandya,0.42857142857142855
AB de Villiers,SL Malinga,0.25
TM Head,SL Malinga,0.5
AB de Villiers,KV Sharma,0.7142857142857143
KM Jadhav,KV Sharma,0.6666666666666666
SR Watson,KH Pandya,1.0
SR Watson,JJ Bumrah,0.3333333333333333
P Negi,SL Malinga,0.3333333333333333
KM Jadhav,SL Malinga,0.6666666666666666
AF Milne,MJ McClenaghan,0.0
PA Patel,A Choudhary,0.0
N Rana,A Choudhary,0.3333333333333333
JC Buttler,A Choudhary,0.4
JC Buttler,YS Chahal,0.4
JC Buttler,AF Milne,0.25
N Rana,AF Milne,0.3333333333333333
JC Buttler,S Aravind,0.3333333333333333
N Rana,SR Watson,0.5
JC Buttler,SR Watson,0.5
N Rana,P Negi,0.25
JC Buttler,P Negi,0.0
RG Sharma,P Negi,0.6
RG Sharma,SR Watson,0.5
KA Pollard,AF Milne,0.3333333333333333
RG Sharma,AF Milne,0.3333333333333333
RG Sharma,YS Chahal,0.75
KV Sharma,P Negi,1.0
RG Sharma,A Choudhary,0.5
KV Sharma,A Choudhary,0.5
KV Sharma,YS Chahal,0.75
KV Sharma,SR Watson,0.0
HH Pandya,SR Watson,1.0
HH Pandya,A Choudhary,0.2
RG Sharma,S Aravind,0.75
HH Pandya,S Aravind,1.0
Ishan Kishan,JD Unadkat,0.2857142857142857
BB McCullum,JD Unadkat,0.4
Ishan Kishan,Washington Sundar,0.1
BB McCullum,Washington Sundar,0.5
Ishan Kishan,BA Stokes,0.0
Ishan Kishan,Imran Tahir,0.0
BB McCullum,DT Christian,0.6666666666666666
AJ Finch,DT Christian,0.5
KD Karthik,BA Stokes,0.3333333333333333
KD Karthik,SN Thakur,0.3333333333333333
RA Jadeja,BA Stokes,0.2
RA Jadeja,SN Thakur,0.25
KD Karthik,DT Christian,0.5
RA Jadeja,DT Christian,0.3333333333333333
JP Faulkner,Imran Tahir,1.0
JP Faulkner,DT Christian,0.6666666666666666
JP Faulkner,JD Unadkat,0.0
PJ Sangwan,JD Unadkat,0.5
KD Karthik,JD Unadkat,0.25
Basil Thampi,BA Stokes,0.3333333333333333
Basil Thampi,JD Unadkat,0.5
Ankit Soni,JD Unadkat,0.0
AM Rahane,PJ Sangwan,0.0
SPD Smith,PJ Sangwan,0.0
BA Stokes,PJ Sangwan,0.3333333333333333
RA Tripathi,PJ Sangwan,0.0
BA Stokes,JP Faulkner,0.36363636363636365
BA Stokes,Ankit Soni,0.5
MS Dhoni,Ankit Soni,0.13333333333333333
MS Dhoni,DR Smith,0.4444444444444444
MS Dhoni,JP Faulkner,0.5
MS Dhoni,Basil Thampi,0.0
DT Christian,Basil Thampi,1.0
DT Christian,PJ Sangwan,0.3333333333333333
DT Christian,JP Faulkner,0.5
S Dhawan,K Rabada,0.5
DA Warner,K Rabada,0.25
DA Warner,Mohammed Shami,0.0
KS Williamson,Mohammed Shami,0.2
S Dhawan,Mohammed Shami,0.0
Yuvraj Singh,A Mishra,0.4166666666666667
Yuvraj Singh,J Yadav,0.6666666666666666
Yuvraj Singh,Mohammed Shami,0.4166666666666667
MC Henriques,A Mishra,0.6
MC Henriques,Mohammed Shami,1.0
MC Henriques,K Rabada,0.5
Yuvraj Singh,K Rabada,0.2222222222222222
RR Pant,Mohammed Siraj,0.5
RR Pant,MC Henriques,0.6
RR Pant,Rashid Khan,0.4444444444444444
RR Pant,S Kaul,0.5
CJ Anderson,Mohammed Siraj,0.4
CJ Anderson,Yuvraj Singh,1.0
CJ Anderson,S Kaul,0.6666666666666666
CJ Anderson,Rashid Khan,0.6666666666666666
CJ Anderson,B Kumar,0.42857142857142855
CH Morris,Mohammed Siraj,0.6666666666666666
CH Morris,B Kumar,1.0
CH Morris,S Kaul,0.6666666666666666
CJ Anderson,MC Henriques,0.0
G Gambhir,BA Stokes,0.1
SP Jackson,BA Stokes,0.5
SP Jackson,JD Unadkat,0.2
SP Jackson,Washington Sundar,0.0
MK Pandey,Washington Sundar,1.0
MK Pandey,SN Thakur,0.45454545454545453
YK Pathan,SN Thakur,0.5
MK Pandey,Imran Tahir,0.5
YK Pathan,Imran Tahir,0.3333333333333333
C de Grandhomme,Imran Tahir,0.6666666666666666
C de Grandhomme,SN Thakur,1.0
MK Pandey,DT Christian,0.16666666666666666
C de Grandhomme,DT Christian,0.75
C de Grandhomme,BA Stokes,0.6666666666666666
MK Pandey,BA Stokes,0.6666666666666666
SA Yadav,DT Christian,0.5
SA Yadav,Imran Tahir,1.0
C de Grandhomme,JD Unadkat,0.0
SA Yadav,JD Unadkat,0.3333333333333333
CR Woakes,JD Unadkat,0.0
CR Woakes,DT Christian,1.0
NM Coulter-Nile,DT Christian,0.0
NM Coulter-Nile,JD Unadkat,0.0
SA Yadav,BA Stokes,1.0
NM Coulter-Nile,BA Stokes,0.0
UT Yadav,BA Stokes,1.0
AM Rahane,NM Coulter-Nile,0.2
RA Tripathi,NM Coulter-Nile,0.0
MK Tiwary,CR Woakes,0.3333333333333333
MK Tiwary,SP Narine,0.6666666666666666
BA Stokes,CR Woakes,1.0
BA Stokes,SP Narine,0.4444444444444444
BA Stokes,Kuldeep Yadav,0.6
RA Tripathi,Kuldeep Yadav,0.3
MS Dhoni,UT Yadav,1.0
Washington Sundar,CR Woakes,0.0
Washington Sundar,C de Grandhomme,1.0
DT Christian,C de Grandhomme,0.0
DR Smith,S Nadeem,0.25
BB McCullum,S Nadeem,0.5
BB McCullum,K Rabada,0.0
SK Raina,K Rabada,0.2222222222222222
SK Raina,PJ Cummins,0.4444444444444444
KD Karthik,PJ Cummins,0.4
SK Raina,Mohammed Shami,0.3
KD Karthik,K Rabada,0.0
KD Karthik,Mohammed Shami,0.4
SK Raina,A Mishra,0.8
KD Karthik,A Mishra,0.5
SK Raina,MN Samuels,0.2222222222222222
KD Karthik,MN Samuels,0.6666666666666666
KD Karthik,S Nadeem,0.25
SK Raina,S Nadeem,0.5
SK Raina,CJ Anderson,1.0
KD Karthik,CJ Anderson,0.3076923076923077
AJ Finch,Mohammed Shami,0.4
Ishan Kishan,PJ Cummins,0.75
AJ Finch,PJ Cummins,0.25
AJ Finch,CJ Anderson,0.6
Ishan Kishan,CJ Anderson,0.6666666666666666
Ishan Kishan,K Rabada,0.5
AJ Finch,K Rabada,0.0
RA Jadeja,PJ Cummins,1.0
RA Jadeja,K Rabada,1.0
JP Faulkner,K Rabada,0.5
JP Faulkner,CJ Anderson,0.0
RA Jadeja,CJ Anderson,0.25
PJ Sangwan,CJ Anderson,1.0
SV Samson,PJ Sangwan,0.25
KK Nair,PJ Sangwan,0.2727272727272727
KK Nair,Basil Thampi,0.0
SV Samson,Basil Thampi,0.5
RR Pant,PJ Sangwan,0.125
RR Pant,Basil Thampi,0.3333333333333333
RR Pant,JP Faulkner,0.2
SV Samson,JP Faulkner,1.0
RR Pant,SK Raina,0.2222222222222222
SV Samson,SK Raina,0.6666666666666666
SV Samson,Ankit Soni,0.375
RR Pant,Ankit Soni,0.75
SV Samson,RA Jadeja,0.14285714285714285
RR Pant,RA Jadeja,0.2
RR Pant,DR Smith,0.5
SV Samson,DR Smith,0.5
SS Iyer,Basil Thampi,0.35294117647058826
CJ Anderson,Basil Thampi,0.4
CJ Anderson,PJ Sangwan,0.25
SS Iyer,PJ Sangwan,0.2222222222222222
CJ Anderson,JP Faulkner,0.0
SS Iyer,JP Faulkner,0.26666666666666666
HM Amla,A Choudhary,0.3333333333333333
MJ Guptill,A Choudhary,0.4
SE Marsh,A Choudhary,0.25
MJ Guptill,S Aravind,0.2
SE Marsh,S Aravind,0.4
M Vohra,S Aravind,0.0
SE Marsh,SR Watson,0.25
M Vohra,S Badree,0.2
SE Marsh,P Negi,0.5
M Vohra,P Negi,0.375
WP Saha,S Badree,0.6666666666666666
M Vohra,YS Chahal,0.3333333333333333
WP Saha,YS Chahal,0.5
WP Saha,SR Watson,0.6
WP Saha,P Negi,1.0
AR Patel,S Badree,1.0
WP Saha,A Choudhary,0.6666666666666666
AR Patel,A Choudhary,0.3333333333333333
MM Sharma,SR Watson,0.6666666666666666
AR Patel,SR Watson,0.125
MM Sharma,A Choudhary,0.0
VR Aaron,A Choudhary,0.0
CH Gayle,Sandeep Sharma,0.0
V Kohli,Sandeep Sharma,0.0
V Kohli,T Natarajan,0.0
KM Jadhav,MM Sharma,0.5
SR Watson,MM Sharma,0.5
P Negi,AR Patel,0.5
P Negi,GJ Maxwell,0.875
Mandeep Singh,GJ Maxwell,0.0
S Aravind,GJ Maxwell,0.4
P Negi,VR Aaron,0.18181818181818182
S Aravind,VR Aaron,0.0
S Badree,GJ Maxwell,0.6
S Badree,VR Aaron,0.5
P Negi,MM Sharma,0.75
S Badree,MM Sharma,1.0
S Badree,AR Patel,0.0
YS Chahal,AR Patel,1.0
A Choudhary,AR Patel,1.0
A Choudhary,MM Sharma,0.5
YS Chahal,MM Sharma,1.0
AM Rahane,A Nehra,0.5
RA Tripathi,A Nehra,0.0
SPD Smith,A Nehra,0.3333333333333333
SPD Smith,B Kumar,1.0
AM Rahane,S Kaul,0.5
AM Rahane,Rashid Khan,1.0
AM Rahane,MC Henriques,0.5
SPD Smith,MC Henriques,0.7142857142857143
BA Stokes,Bipul Sharma,0.2727272727272727
BA Stokes,MC Henriques,0.3333333333333333
DT Christian,S Kaul,0.0
MK Tiwary,Rashid Khan,0.5
Washington Sundar,S Kaul,0.3333333333333333
SN Thakur,S Kaul,0.0
Yuvraj Singh,BA Stokes,0.1
Yuvraj Singh,Imran Tahir,0.38461538461538464
Yuvraj Singh,SN Thakur,0.2222222222222222
Yuvraj Singh,DT Christian,0.45454545454545453
MC Henriques,BA Stokes,0.5
NV Ojha,DT Christian,0.6666666666666666
NV Ojha,Imran Tahir,0.0
Yuvraj Singh,JD Unadkat,0.0
NV Ojha,JD Unadkat,0.3333333333333333
Bipul Sharma,JD Unadkat,0.25
Rashid Khan,BA Stokes,0.3333333333333333
Bipul Sharma,BA Stokes,0.25
Rashid Khan,JD Unadkat,0.0
B Kumar,JD Unadkat,0.0
S Kaul,JD Unadkat,0.0
LMP Simmons,Z Khan,0.6
LMP Simmons,K Rabada,0.3333333333333333
PA Patel,PJ Cummins,0.25
LMP Simmons,PJ Cummins,0.0
LMP Simmons,A Mishra,0.5714285714285714
PA Patel,A Mishra,0.4
LMP Simmons,Mohammed Shami,0.3333333333333333
PA Patel,Mohammed Shami,0.5
KA Pollard,Mohammed Shami,0.0
KA Pollard,CJ Anderson,0.8
LMP Simmons,CJ Anderson,0.0
RG Sharma,CJ Anderson,0.5
RG Sharma,Z Khan,1.0
RG Sharma,K Rabada,0.0
HH Pandya,CJ Anderson,0.5
SS Iyer,SL Malinga,0.3333333333333333
KK Nair,SL Malinga,0.0
RR Pant,SL Malinga,0.0
KK Nair,JJ Bumrah,0.3333333333333333
CJ Anderson,JJ Bumrah,1.0
CJ Anderson,Harbhajan Singh,0.5
KK Nair,Harbhajan Singh,0.0
MN Samuels,Harbhajan Singh,0.25
CJ Anderson,SL Malinga,0.0
PJ Cummins,SL Malinga,0.0
PJ Cummins,Harbhajan Singh,0.16666666666666666
PJ Cummins,KV Sharma,0.3333333333333333
MN Samuels,KV Sharma,0.0
K Rabada,KV Sharma,0.0
A Mishra,Harbhajan Singh,0.75
A Mishra,KV Sharma,0.3
Mohammed Shami,KV Sharma,1.0
Mohammed Shami,Harbhajan Singh,0.0
Z Khan,Harbhajan Singh,0.0
Z Khan,KV Sharma,0.2
A Mishra,HH Pandya,1.0
Z Khan,HH Pandya,0.2
V Kohli,UT Yadav,0.25
V Kohli,CR Woakes,1.0
Mandeep Singh,CR Woakes,0.14285714285714285
AB de Villiers,CR Woakes,0.0
Mandeep Singh,SP Narine,0.5555555555555556
AB de Villiers,SP Narine,0.0
TM Head,SP Narine,0.5555555555555556
TM Head,UT Yadav,0.14285714285714285
Mandeep Singh,AS Rajpoot,0.7777777777777778
TM Head,AS Rajpoot,0.46153846153846156
Mandeep Singh,PP Chawla,1.0
TM Head,PP Chawla,0.5714285714285714
Mandeep Singh,C de Grandhomme,0.5
TM Head,C de Grandhomme,0.75
KM Jadhav,SP Narine,0.3333333333333333
TM Head,CR Woakes,0.5
KM Jadhav,CR Woakes,0.25
KM Jadhav,AS Rajpoot,1.0
P Negi,CR Woakes,1.0
P Negi,UT Yadav,0.0
CA Lynn,A Choudhary,0.0
CA Lynn,S Badree,0.5
CA Lynn,YS Chahal,0.0
SP Narine,A Choudhary,0.0
C de Grandhomme,A Choudhary,0.14285714285714285
CA Lynn,P Negi,0.5
C de Grandhomme,P Negi,0.375
G Gambhir,P Negi,0.8333333333333334
G Gambhir,A Choudhary,0.6666666666666666
C de Grandhomme,TM Head,0.6
G Gambhir,S Badree,0.6666666666666666
C de Grandhomme,S Badree,0.3333333333333333
G Gambhir,YS Chahal,0.5
G Gambhir,TM Head,1.0
MK Pandey,P Negi,0.6666666666666666
MJ Guptill,PJ Sangwan,0.0
HM Amla,PJ Sangwan,0.3333333333333333
SE Marsh,DS Kulkarni,0.6363636363636364
HM Amla,DS Kulkarni,0.3333333333333333
SE Marsh,PJ Sangwan,0.5
HM Amla,JP Faulkner,0.5384615384615384
SE Marsh,JP Faulkner,0.5
SE Marsh,Ankit Soni,0.625
HM Amla,Ankit Soni,0.4
GJ Maxwell,JP Faulkner,0.6666666666666666
GJ Maxwell,PJ Sangwan,0.2
DR Smith,Sandeep Sharma,0.3333333333333333
Ishan Kishan,Sandeep Sharma,0.5714285714285714
DR Smith,MM Sharma,0.2857142857142857
Ishan Kishan,MM Sharma,0.6
DR Smith,VR Aaron,0.25
Ishan Kishan,AR Patel,1.0
Ishan Kishan,GJ Maxwell,0.2
DR Smith,GJ Maxwell,0.3333333333333333
Ishan Kishan,T Natarajan,0.0
DR Smith,T Natarajan,0.5
SK Raina,VR Aaron,0.2857142857142857
SK Raina,GJ Maxwell,1.0
KD Karthik,GJ Maxwell,0.5
KD Karthik,VR Aaron,0.3333333333333333
RA Jadeja,Sandeep Sharma,0.5
RA Jadeja,VR Aaron,0.3333333333333333
RA Jadeja,T Natarajan,0.3333333333333333
LMP Simmons,B Kumar,0.3333333333333333
PA Patel,Mohammad Nabi,0.5
LMP Simmons,Mohammad Nabi,0.0
N Rana,Mohammad Nabi,0.14285714285714285
PA Patel,Mohammed Siraj,0.3333333333333333
N Rana,Mohammed Siraj,0.0
N Rana,S Kaul,0.0
PA Patel,S Kaul,0.4
RG Sharma,S Kaul,0.3333333333333333
RG Sharma,Mohammad Nabi,0.25
HH Pandya,Mohammad Nabi,0.4
HH Pandya,Rashid Khan,0.2222222222222222
RG Sharma,Mohammed Siraj,0.5714285714285714
HH Pandya,Mohammed Siraj,0.0
HH Pandya,S Kaul,0.75
RG Sharma,B Kumar,0.5555555555555556
RG Sharma,MC Henriques,0.4
HH Pandya,MC Henriques,1.0
KA Pollard,Mohammed Siraj,0.3333333333333333
KV Sharma,S Kaul,0.25
KA Pollard,S Kaul,1.0
Harbhajan Singh,B Kumar,0.25
KV Sharma,B Kumar,0.0
MJ McClenaghan,B Kumar,0.0
MC Henriques,MJ McClenaghan,0.5
MC Henriques,SL Malinga,0.25
MC Henriques,Harbhajan Singh,0.5
MC Henriques,JJ Bumrah,0.2
S Dhawan,KV Sharma,0.3
MC Henriques,KV Sharma,0.0
MC Henriques,HH Pandya,0.25
Yuvraj Singh,JJ Bumrah,0.0
Yuvraj Singh,SL Malinga,0.5
V Shankar,MJ McClenaghan,1.0
MJ Guptill,UT Yadav,0.25
M Vohra,C de Grandhomme,0.6666666666666666
MJ Guptill,C de Grandhomme,0.3333333333333333
MJ Guptill,SP Narine,0.2
SE Marsh,UT Yadav,0.0
SE Marsh,SP Narine,0.5
SE Marsh,CR Woakes,0.4
WP Saha,CR Woakes,0.3333333333333333
SE Marsh,C de Grandhomme,0.0
GJ Maxwell,AS Rajpoot,0.25
WP Saha,AS Rajpoot,0.5
GJ Maxwell,Kuldeep Yadav,0.4
WP Saha,Kuldeep Yadav,0.3
AR Patel,Kuldeep Yadav,0.6666666666666666
AR Patel,SP Narine,0.5
Swapnil Singh,Kuldeep Yadav,0.0
AR Patel,CR Woakes,1.0
Swapnil Singh,CR Woakes,0.0
R Tewatia,CR Woakes,0.25
R Tewatia,AS Rajpoot,0.5
AR Patel,AS Rajpoot,0.5
CA Lynn,Sandeep Sharma,0.5
CA Lynn,MJ Henry,0.2
SP Narine,MJ Henry,0.0
SP Narine,MM Sharma,0.0
CA Lynn,AR Patel,0.45454545454545453
G Gambhir,MJ Henry,0.5
CA Lynn,R Tewatia,0.5833333333333334
G Gambhir,R Tewatia,0.4
G Gambhir,Swapnil Singh,1.0
CA Lynn,Swapnil Singh,0.3333333333333333
RV Uthappa,R Tewatia,0.0
MK Pandey,R Tewatia,0.5714285714285714
MK Pandey,Swapnil Singh,0.0
CA Lynn,MM Sharma,0.5
MK Pandey,MJ Henry,0.0
YK Pathan,MJ Henry,1.0
C de Grandhomme,MJ Henry,0.5
YK Pathan,MM Sharma,0.0
C de Grandhomme,MM Sharma,1.0
CR Woakes,MM Sharma,0.3333333333333333
C de Grandhomme,Sandeep Sharma,0.6666666666666666
CR Woakes,Sandeep Sharma,0.3333333333333333
DR Smith,Z Khan,0.5
Ishan Kishan,Z Khan,0.4
DR Smith,Mohammed Shami,0.5
Ishan Kishan,Mohammed Shami,0.0
SK Raina,Z Khan,0.5
Ishan Kishan,A Mishra,0.0
AJ Finch,A Mishra,0.5
KD Karthik,CR Brathwaite,0.45454545454545453
AJ Finch,CR Brathwaite,0.5833333333333334
KD Karthik,Z Khan,1.0
AJ Finch,Z Khan,0.0
RA Jadeja,CR Brathwaite,0.5
RA Jadeja,Mohammed Shami,0.5
JP Faulkner,Mohammed Shami,0.3333333333333333
JP Faulkner,PJ Cummins,0.2
SV Samson,DS Kulkarni,0.5
KK Nair,DS Kulkarni,0.6666666666666666
SS Iyer,DS Kulkarni,0.16666666666666666
SS Iyer,DR Smith,0.3333333333333333
KK Nair,DR Smith,0.0
SS Iyer,RA Jadeja,0.5
KK Nair,RA Jadeja,0.3333333333333333
KK Nair,JP Faulkner,0.0
MN Samuels,JP Faulkner,0.0
MN Samuels,RA Jadeja,0.5
CJ Anderson,RA Jadeja,0.3333333333333333
CR Brathwaite,Basil Thampi,0.5
CR Brathwaite,RA Jadeja,0.16666666666666666
CR Brathwaite,DS Kulkarni,0.3333333333333333
PJ Cummins,DS Kulkarni,0.5
PJ Cummins,PJ Sangwan,0.0
PJ Cummins,JP Faulkner,0.25
PJ Cummins,Basil Thampi,0.5
Mohammed Shami,JP Faulkner,0.0
A Mishra,Basil Thampi,0.0
MJ Guptill,HH Pandya,0.25
WP Saha,HH Pandya,0.2857142857142857
MJ Guptill,MJ McClenaghan,1.0
MJ Guptill,JJ Bumrah,0.6666666666666666
MJ Guptill,SL Malinga,0.3333333333333333
WP Saha,SL Malinga,0.3076923076923077
MJ Guptill,KV Sharma,0.0
WP Saha,KV Sharma,1.0
GJ Maxwell,KV Sharma,0.2857142857142857
GJ Maxwell,Harbhajan Singh,0.4
SE Marsh,KV Sharma,0.5
AR Patel,MJ McClenaghan,0.6
AR Patel,HH Pandya,0.5
LMP Simmons,Sandeep Sharma,0.1111111111111111
LMP Simmons,MJ Henry,1.0
PA Patel,MJ Henry,0.0
LMP Simmons,I Sharma,0.1111111111111111
LMP Simmons,MM Sharma,0.3333333333333333
LMP Simmons,AR Patel,0.2
PA Patel,AR Patel,1.0
PA Patel,GJ Maxwell,0.4
LMP Simmons,GJ Maxwell,0.3333333333333333
N Rana,GJ Maxwell,1.0
RG Sharma,GJ Maxwell,0.5
RG Sharma,I Sharma,0.0
RG Sharma,R Tewatia,0.3333333333333333
N Rana,R Tewatia,1.0
KA Pollard,R Tewatia,0.5
KA Pollard,AR Patel,1.0
HH Pandya,AR Patel,0.4
HH Pandya,R Tewatia,0.25
KA Pollard,MJ Henry,0.25
HH Pandya,MJ Henry,0.3333333333333333
HH Pandya,Sandeep Sharma,0.0
KV Sharma,Sandeep Sharma,0.5
KA Pollard,Sandeep Sharma,0.2857142857142857
KA Pollard,MM Sharma,0.42857142857142855
KV Sharma,MM Sharma,0.0
Harbhajan Singh,MM Sharma,1.0
Harbhajan Singh,Sandeep Sharma,0.3333333333333333
SV Samson,JD Unadkat,0.5
KK Nair,JD Unadkat,0.3333333333333333
KK Nair,SN Thakur,0.25
SS Iyer,SN Thakur,0.0
SS Iyer,JD Unadkat,0.0
RR Pant,JD Unadkat,0.25
KK Nair,Washington Sundar,0.36363636363636365
RR Pant,Washington Sundar,0.0
KK Nair,BA Stokes,0.2222222222222222
RR Pant,SN Thakur,0.2
KK Nair,A Zampa,0.6666666666666666
KK Nair,DT Christian,0.6666666666666666
RR Pant,DT Christian,1.0
MN Samuels,A Zampa,0.5
MN Samuels,Washington Sundar,0.5
MN Samuels,BA Stokes,0.3333333333333333
MN Samuels,SN Thakur,0.0
MN Samuels,DT Christian,0.5
CJ Anderson,A Zampa,0.2
CJ Anderson,Washington Sundar,0.0
PJ Cummins,Washington Sundar,1.0
PJ Cummins,BA Stokes,0.2
A Mishra,BA Stokes,0.4
A Mishra,JD Unadkat,0.6
Mohammed Shami,JD Unadkat,0.0
SPD Smith,Z Khan,0.36363636363636365
RA Tripathi,Z Khan,0.4
SPD Smith,Mohammed Shami,0.2857142857142857
RA Tripathi,Mohammed Shami,1.0
SPD Smith,S Nadeem,0.2222222222222222
MK Tiwary,Z Khan,1.0
MK Tiwary,Mohammed Shami,0.5555555555555556
MK Tiwary,A Mishra,0.625
SPD Smith,A Mishra,0.5
MK Tiwary,S Nadeem,0.25
MK Tiwary,PJ Cummins,0.26666666666666666
BA Stokes,A Mishra,0.6666666666666666
MK Tiwary,MN Samuels,0.5
BA Stokes,MN Samuels,0.25
BA Stokes,Z Khan,1.0
BA Stokes,Mohammed Shami,0.0
MK Tiwary,CJ Anderson,0.3333333333333333
DT Christian,PJ Cummins,1.0
DT Christian,Mohammed Shami,0.0
Washington Sundar,Mohammed Shami,0.3333333333333333
Ishan Kishan,B Kumar,0.2857142857142857
DR Smith,Mohammed Siraj,0.2857142857142857
Ishan Kishan,Mohammed Siraj,0.375
DR Smith,S Kaul,1.0
Ishan Kishan,S Kaul,0.2
DR Smith,Mohammad Nabi,0.2222222222222222
Ishan Kishan,Mohammad Nabi,0.5555555555555556
Ishan Kishan,Rashid Khan,0.4
Ishan Kishan,MC Henriques,0.5
SK Raina,Mohammed Siraj,0.3333333333333333
RA Jadeja,Rashid Khan,0.75
JP Faulkner,Rashid Khan,0.5
RA Jadeja,S Kaul,0.8
JP Faulkner,S Kaul,0.3333333333333333
JP Faulkner,Mohammed Siraj,0.3333333333333333
RA Jadeja,Mohammed Siraj,0.5
PJ Sangwan,Mohammed Siraj,0.0
RA Jadeja,B Kumar,0.5
Ankit Soni,B Kumar,0.0
Ankit Soni,S Kaul,0.0
P Kumar,S Kaul,1.0
MM Patel,B Kumar,0.0
S Dhawan,PJ Sangwan,0.16666666666666666
DA Warner,PJ Sangwan,0.4
V Shankar,PJ Sangwan,0.15384615384615385
V Shankar,P Kumar,0.3333333333333333
DA Warner,JP Faulkner,0.375
V Shankar,JP Faulkner,0.75
V Shankar,MM Patel,0.75
DA Warner,MM Patel,0.6
V Shankar,RA Jadeja,0.75
DA Warner,RA Jadeja,0.5
DA Warner,Ankit Soni,0.375
V Shankar,Ankit Soni,0.4
SS Tiwary,TA Boult,0.3333333333333333
LMP Simmons,TA Boult,0.0
SS Tiwary,C de Grandhomme,0.1
RG Sharma,TA Boult,0.5
SS Tiwary,UT Yadav,0.3076923076923077
RG Sharma,UT Yadav,0.3333333333333333
SS Tiwary,SP Narine,0.6
RG Sharma,C de Grandhomme,0.25
SS Tiwary,Kuldeep Yadav,1.0
RG Sharma,Kuldeep Yadav,0.25
SS Tiwary,AS Rajpoot,0.25
AT Rayudu,AS Rajpoot,0.4444444444444444
AT Rayudu,Kuldeep Yadav,0.42857142857142855
AT Rayudu,SP Narine,0.4
AT Rayudu,UT Yadav,0.42857142857142855
AT Rayudu,TA Boult,0.25
KA Pollard,TA Boult,0.16666666666666666
HH Pandya,Kuldeep Yadav,0.0
KH Pandya,TA Boult,0.0
SP Narine,TG Southee,0.0
CA Lynn,TG Southee,0.0
G Gambhir,MG Johnson,0.16666666666666666
CA Lynn,MG Johnson,0.09090909090909091
G Gambhir,TG Southee,0.3333333333333333
G Gambhir,KV Sharma,0.25
RV Uthappa,KV Sharma,0.6
CA Lynn,KV Sharma,1.0
CA Lynn,R Vinay Kumar,0.0
YK Pathan,R Vinay Kumar,0.2857142857142857
MK Pandey,R Vinay Kumar,0.6666666666666666
MK Pandey,KV Sharma,0.25
YK Pathan,KV Sharma,0.0
C de Grandhomme,KH Pandya,0.6666666666666666
C de Grandhomme,R Vinay Kumar,0.2
MK Pandey,HH Pandya,0.5
C de Grandhomme,HH Pandya,0.25
MK Pandey,MG Johnson,0.42857142857142855
C de Grandhomme,MG Johnson,1.0
Kuldeep Yadav,HH Pandya,0.6666666666666666
Kuldeep Yadav,MG Johnson,0.5
MK Pandey,TG Southee,0.75
Kuldeep Yadav,TG Southee,0.4
UT Yadav,HH Pandya,1.0
UT Yadav,TG Southee,1.0
TA Boult,TG Southee,0.0
TA Boult,HH Pandya,0.2
MJ Guptill,JD Unadkat,0.0
SE Marsh,JD Unadkat,0.16666666666666666
WP Saha,SN Thakur,0.42857142857142855
SE Marsh,SN Thakur,0.14285714285714285
WP Saha,JD Unadkat,0.2
EJG Morgan,SN Thakur,0.0
EJG Morgan,BA Stokes,0.0
R Tewatia,BA Stokes,0.0
R Tewatia,SN Thakur,0.0
GJ Maxwell,SN Thakur,0.0
AR Patel,SN Thakur,0.25
AR Patel,A Zampa,0.6666666666666666
WP Saha,A Zampa,0.5
AR Patel,DT Christian,0.5
Swapnil Singh,DT Christian,0.6
Swapnil Singh,A Zampa,0.625
MM Sharma,DT Christian,0.5
MM Sharma,A Zampa,0.3333333333333333
Swapnil Singh,JD Unadkat,0.0
I Sharma,JD Unadkat,0.0
MM Sharma,BA Stokes,0.25
I Sharma,BA Stokes,0.5
I Sharma,A Zampa,0.0
RA Tripathi,MM Sharma,0.2
RA Tripathi,Sandeep Sharma,0.5
AM Rahane,I Sharma,1.0
RA Tripathi,I Sharma,0.2
RA Tripathi,R Tewatia,0.0
RA Tripathi,AR Patel,0.0
AM Rahane,Swapnil Singh,0.6666666666666666
SPD Smith,Swapnil Singh,0.6666666666666666
AM Rahane,R Tewatia,0.5
SPD Smith,R Tewatia,0.5
AM Rahane,GJ Maxwell,0.42857142857142855
SPD Smith,GJ Maxwell,0.8
CH Gayle,Mohammed Shami,0.36363636363636365
Vishnu Vinod,Mohammed Shami,0.2
Vishnu Vinod,PJ Cummins,0.3333333333333333
V Kohli,PJ Cummins,0.5714285714285714
V Kohli,Mohammed Shami,0.5
V Kohli,A Mishra,0.3333333333333333
CH Gayle,A Mishra,0.3333333333333333
V Kohli,CJ Anderson,0.6666666666666666
CH Gayle,CJ Anderson,1.0
V Kohli,S Nadeem,0.4444444444444444
CH Gayle,S Nadeem,0.5
TM Head,S Nadeem,1.0
V Kohli,Z Khan,0.42857142857142855
Sachin Baby,Z Khan,1.0
KM Jadhav,Mohammed Shami,0.3333333333333333
Sachin Baby,Mohammed Shami,0.25
Sachin Baby,PJ Cummins,0.0
SR Watson,CJ Anderson,0.5
P Negi,CJ Anderson,0.16666666666666666
SV Samson,Avesh Khan,0.0
SS Iyer,Avesh Khan,0.6
KK Nair,Avesh Khan,0.125
KK Nair,YS Chahal,0.25
SS Iyer,YS Chahal,0.375
KK Nair,HV Patel,0.2
SS Iyer,HV Patel,0.5
SS Iyer,SR Watson,0.42857142857142855
KK Nair,SR Watson,0.0
RR Pant,TM Head,0.5714285714285714
SS Iyer,TM Head,0.14285714285714285
RR Pant,Avesh Khan,0.6666666666666666
RR Pant,HV Patel,0.36363636363636365
MN Samuels,HV Patel,0.0
CJ Anderson,HV Patel,0.5
CJ Anderson,SR Watson,0.3333333333333333
CJ Anderson,TM Head,0.0
PJ Cummins,TM Head,0.3333333333333333
Mohammed Shami,HV Patel,0.0
Mohammed Shami,P Negi,0.3333333333333333
Mohammed Shami,Avesh Khan,0.5
S Nadeem,Avesh Khan,0.5
AM Rahane,SL Malinga,0.35
SPD Smith,SL Malinga,0.42857142857142855
MK Tiwary,SL Malinga,0.5
MK Tiwary,KV Sharma,0.4
MK Tiwary,KH Pandya,0.3333333333333333
MK Tiwary,HH Pandya,0.3333333333333333
MS Dhoni,KV Sharma,0.2222222222222222
MS Dhoni,KH Pandya,0.5555555555555556
LMP Simmons,JD Unadkat,0.4166666666666667
LMP Simmons,Washington Sundar,0.4
LMP Simmons,LH Ferguson,0.16666666666666666
PA Patel,LH Ferguson,0.2857142857142857
AT Rayudu,Washington Sundar,0.16666666666666666
KA Pollard,Washington Sundar,0.4
KA Pollard,LH Ferguson,0.2
HH Pandya,SN Thakur,0.5
PA Patel,A Zampa,1.0
HH Pandya,DT Christian,0.4
HH Pandya,LH Ferguson,0.0
KH Pandya,LH Ferguson,0.5
KH Pandya,Washington Sundar,0.4
KH Pandya,DT Christian,0.29411764705882354
KH Pandya,SN Thakur,0.5
MJ McClenaghan,SN Thakur,0.25
KV Sharma,DT Christian,0.3333333333333333
MJ McClenaghan,DT Christian,0.6666666666666666
MJ McClenaghan,JD Unadkat,0.6
JJ Bumrah,DT Christian,0.4
JJ Bumrah,JD Unadkat,0.5
JJ Bumrah,SN Thakur,1.0
SL Malinga,SN Thakur,0.5
KS Williamson,YK Pathan,0.5
DA Warner,PP Chawla,0.3333333333333333
KS Williamson,PP Chawla,0.5
V Shankar,PP Chawla,0.6
Yuvraj Singh,PP Chawla,0.2
V Shankar,SP Narine,0.4
V Shankar,UT Yadav,0.25
NV Ojha,UT Yadav,1.0
V Shankar,TA Boult,0.6666666666666666
V Shankar,NM Coulter-Nile,0.0
NV Ojha,NM Coulter-Nile,1.0
CJ Jordan,NM Coulter-Nile,0.0
Bipul Sharma,NM Coulter-Nile,0.5
CA Lynn,B Kumar,0.0
RV Uthappa,CJ Jordan,0.0
G Gambhir,CJ Jordan,0.6666666666666666
IR Jaggi,CJ Jordan,0.0
IR Jaggi,Rashid Khan,0.6666666666666666
IR Jaggi,S Kaul,1.0
G Gambhir,Bipul Sharma,1.0
IR Jaggi,Bipul Sharma,1.0
SP Narine,JJ Bumrah,1.0
SP Narine,MG Johnson,0.6666666666666666
SP Narine,KV Sharma,0.0
RV Uthappa,JJ Bumrah,0.0
IR Jaggi,JJ Bumrah,0.0
IR Jaggi,KV Sharma,0.4
C de Grandhomme,KV Sharma,0.0
IR Jaggi,KH Pandya,0.8333333333333334
SA Yadav,KV Sharma,1.0
IR Jaggi,SL Malinga,0.2222222222222222
IR Jaggi,MG Johnson,0.0
SA Yadav,MG Johnson,0.4
PP Chawla,KV Sharma,1.0
PP Chawla,HH Pandya,0.25
SA Yadav,HH Pandya,0.5
PP Chawla,MG Johnson,0.0
NM Coulter-Nile,MG Johnson,0.0
UT Yadav,JJ Bumrah,1.0
AS Rajpoot,JJ Bumrah,0.0
UT Yadav,SL Malinga,0.5
AS Rajpoot,SL Malinga,0.0
LMP Simmons,UT Yadav,0.3333333333333333
PA Patel,UT Yadav,0.14285714285714285
LMP Simmons,PP Chawla,0.0
AT Rayudu,PP Chawla,0.4
PA Patel,PP Chawla,0.5
AT Rayudu,NM Coulter-Nile,1.0
RG Sharma,NM Coulter-Nile,0.4444444444444444
RG Sharma,PP Chawla,0.5714285714285714
KH Pandya,PP Chawla,0.25
KH Pandya,NM Coulter-Nile,0.75
KA Pollard,NM Coulter-Nile,0.0
KA Pollard,UT Yadav,0.5
KH Pandya,UT Yadav,0.0
AT Rayudu,JD Unadkat,0.5
AT Rayudu,SN Thakur,0.5
RG Sharma,LH Ferguson,0.1111111111111111
RG Sharma,A Zampa,0.5
AT Rayudu,LH Ferguson,0.0
KH Pandya,A Zampa,0.6666666666666666
HH Pandya,Washington Sundar,0.0
KV Sharma,SN Thakur,0.0
MG Johnson,SN Thakur,0.25
MG Johnson,DT Christian,0.42857142857142855
KH Pandya,JD Unadkat,0.3333333333333333
MG Johnson,JD Unadkat,1.0
RA Tripathi,KH Pandya,0.3333333333333333
SPD Smith,MG Johnson,0.2857142857142857
MS Dhoni,SL Malinga,0.6666666666666666
Washington Sundar,MG Johnson,0.0
DT Christian,MG Johnson,0.0
