EJG Morgan,BA Stokes,0.0
EJG Morgan,PJ Cummins,0.0
EJG Morgan,SN Thakur,0.0
EJG Morgan,S Nadeem,0.0
EJG Morgan,S Kaul,0.0
EJG Morgan,A Mishra,0.0
EJG Morgan,Rashid Khan,0.0
EJG Morgan,Mohammad Nabi,0.0
EJG Morgan,MC Henriques,0.0
EJG Morgan,CH Morris,0.0
PJ Cummins,BA Stokes,0.0
PJ Cummins,TS Mills,0.0
PJ Cummins,AR Patel,0.0
PJ Cummins,Basil Thampi,0.0
PJ Cummins,DS Kulkarni,0.0
PJ Cummins,SL Malinga,0.0
PJ Cummins,YS Chahal,0.0
PJ Cummins,Harbhajan Singh,0.0
PJ Cummins,Washington Sundar,0.0
PJ Cummins,PJ Sangwan,0.0
PJ Cummins,SR Watson,0.0
PJ Cummins,HH Pandya,0.0
PJ Cummins,CR Woakes,0.0
PJ Cummins,TM Head,0.0
PJ Cummins,Sandeep Sharma,0.0
PJ Cummins,NM Coulter-Nile,0.0
PJ Cummins,KV Sharma,0.0
PJ Cummins,JJ Bumrah,0.0
PJ Cummins,JP Faulkner,0.0
JP Faulkner,PJ Cummins,0.0
JP Faulkner,KH Pandya,0.0
JP Faulkner,K Rabada,-6.590994579731835e-07
JP Faulkner,Imran Tahir,0.0
JP Faulkner,S Kaul,0.0
JP Faulkner,SL Malinga,0.0
JP Faulkner,Rashid Khan,0.0
JP Faulkner,Harbhajan Singh,4.958571049873056e-14
JP Faulkner,DT Christian,0.0
JP Faulkner,JD Unadkat,-3.2856289566838595e-13
JP Faulkner,Mohammed Siraj,-1.258823810544596e-06
JP Faulkner,MJ McClenaghan,0.0
JP Faulkner,Kuldeep Yadav,0.8274433140930297
JP Faulkner,CJ Anderson,0.0
JP Faulkner,NM Coulter-Nile,0.0
JP Faulkner,Mohammed Shami,0.0
JP Faulkner,JJ Bumrah,1.2180776182230124e-05
KV Sharma,BA Stokes,0.0
KV Sharma,B Kumar,0.0
KV Sharma,SN Thakur,0.0
KV Sharma,A Choudhary,0.0
KV Sharma,Imran Tahir,0.0
KV Sharma,S Kaul,0.0
KV Sharma,YS Chahal,0.0
KV Sharma,SR Watson,0.0
KV Sharma,DT Christian,0.0
KV Sharma,JD Unadkat,0.0
KV Sharma,P Negi,0.0
KV Sharma,Sandeep Sharma,0.0
KV Sharma,MM Sharma,0.0
A Choudhary,AR Patel,0.0
A Choudhary,Basil Thampi,0.0
A Choudhary,BCJ Cutting,0.0
A Choudhary,AJ Tye,0.0
A Choudhary,MM Sharma,0.0
A Choudhary,JP Faulkner,0.0
NV Ojha,UT Yadav,7.059841257518428e-22
NV Ojha,AR Patel,0.0
NV Ojha,Imran Tahir,0.0
NV Ojha,I Sharma,0.24988086303585552
NV Ojha,KC Cariappa,-0.0005461445542266768
NV Ojha,SL Malinga,0.0
NV Ojha,TA Boult,0.0
NV Ojha,SP Narine,5.476024247078743e-22
NV Ojha,DT Christian,0.0
NV Ojha,HH Pandya,1.2628955533348668e-05
NV Ojha,JD Unadkat,3.0134754187856344e-12
NV Ojha,CR Woakes,0.0
NV Ojha,Sandeep Sharma,0.2234332854719103
NV Ojha,NM Coulter-Nile,0.0
NV Ojha,JJ Bumrah,0.00013678428403037304
P Negi,Ankit Soni,0.0
P Negi,BA Stokes,0.0
P Negi,PJ Cummins,0.0
P Negi,KH Pandya,0.0
P Negi,UT Yadav,0.0
P Negi,AR Patel,0.0
P Negi,LH Ferguson,0.0
P Negi,C de Grandhomme,0.0
P Negi,SN Thakur,0.0
P Negi,Imran Tahir,0.0
P Negi,SL Malinga,0.0
P Negi,GJ Maxwell,0.0
P Negi,Washington Sundar,0.0
P Negi,DT Christian,0.0
P Negi,VR Aaron,0.0
P Negi,CR Woakes,0.0
P Negi,AJ Tye,0.0
P Negi,MJ McClenaghan,0.0
P Negi,CJ Anderson,0.0
P Negi,RA Jadeja,0.0
P Negi,MM Sharma,0.0
P Negi,CH Morris,0.0
P Negi,JJ Bumrah,0.0
P Negi,JP Faulkner,0.0
JJ Bumrah,SN Thakur,0.0
JJ Bumrah,IK Pathan,0.0
JJ Bumrah,DT Christian,0.0
JJ Bumrah,JD Unadkat,0.0
Mohammed Shami,Avesh Khan,0.0
Mohammed Shami,HV Patel,0.0
Mohammed Shami,Harbhajan Singh,0.0
Mohammed Shami,VR Aaron,0.0
Mohammed Shami,JD Unadkat,0.0
Mohammed Shami,CR Woakes,0.0
Mohammed Shami,P Negi,0.0
Mohammed Shami,Sandeep Sharma,0.0
Mohammed Shami,KV Sharma,0.0
Mohammed Shami,JP Faulkner,0.0
BB McCullum,BA Stokes,0.0
BB McCullum,KH Pandya,0.0
BB McCullum,LH Ferguson,0.0
BB McCullum,B Kumar,0.0
BB McCullum,Shakib Al Hasan,0.0
BB McCullum,SN Thakur,0.0
BB McCullum,K Rabada,0.0
BB McCullum,Imran Tahir,0.0
BB McCullum,S Nadeem,0.0
BB McCullum,SL Malinga,0.0
BB McCullum,Rashid Khan,0.0
BB McCullum,YS Chahal,0.0
BB McCullum,Harbhajan Singh,0.0
BB McCullum,PP Chawla,0.0
BB McCullum,S Aravind,0.0
BB McCullum,Washington Sundar,0.0
BB McCullum,SR Watson,0.0
BB McCullum,AF Milne,0.0
BB McCullum,SP Narine,0.0
BB McCullum,DT Christian,0.0
BB McCullum,S Badree,0.0
BB McCullum,Bipul Sharma,0.0
BB McCullum,JD Unadkat,0.0
BB McCullum,CR Woakes,0.0
BB McCullum,RD Chahar,0.0
BB McCullum,MJ McClenaghan,0.0
BB McCullum,P Negi,0.0
BB McCullum,Kuldeep Yadav,0.0
BB McCullum,Sandeep Sharma,0.0
BB McCullum,NM Coulter-Nile,0.0
BB McCullum,Ankit Sharma,0.0
BB McCullum,JJ Bumrah,0.0
BB McCullum,A Nehra,0.0
DA Warner,Ankit Soni,0.0
DA Warner,Tejas Baroka,0.0
DA Warner,BA Stokes,0.0
DA Warner,P Kumar,0.0
DA Warner,TS Mills,2.451494146568192e-21
DA Warner,UT Yadav,5.887037967447731e-38
DA Warner,AR Patel,0.0
DA Warner,Anureet Singh,0.0
DA Warner,SN Thakur,1.9422699352138574e-22
DA Warner,Basil Thampi,0.0
DA Warner,DS Kulkarni,0.0
DA Warner,A Choudhary,0.0
DA Warner,K Rabada,-4.5777570914048036e-21
DA Warner,Imran Tahir,0.0
DA Warner,I Sharma,-3.569905093132924e-22
DA Warner,KC Cariappa,2.9475426226881988e-21
DA Warner,SL Malinga,0.0
DA Warner,TA Boult,0.0
DA Warner,Harbhajan Singh,7.565962340960707e-30
DA Warner,S Kaushik,0.0
DA Warner,PP Chawla,0.0
DA Warner,MM Patel,0.0
DA Warner,GJ Maxwell,0.0
DA Warner,Washington Sundar,0.0
DA Warner,PJ Sangwan,0.0
DA Warner,J Yadav,0.0
DA Warner,SP Narine,4.689839351731227e-38
DA Warner,DT Christian,0.0
DA Warner,HH Pandya,-1.628831124272506e-23
DA Warner,JD Unadkat,-1.3058724492562843e-32
DA Warner,CR Woakes,0.0
DA Warner,MJ McClenaghan,0.0
DA Warner,Kuldeep Yadav,2.4589661666783646e-23
DA Warner,RA Jadeja,1.4817023586676825e-30
DA Warner,Sandeep Sharma,1.7015864018902474e-22
DA Warner,NM Coulter-Nile,0.0
DA Warner,MM Sharma,0.0
DA Warner,CH Morris,6.559901724456705e-22
DA Warner,SK Raina,0.0
DA Warner,Mohammed Shami,0.0
DA Warner,JJ Bumrah,-4.0020387396107957e-22
DA Warner,YK Pathan,0.0
DA Warner,JP Faulkner,0.0
HH Pandya,BA Stokes,0.0
HH Pandya,PJ Cummins,0.0
HH Pandya,TS Mills,3.5751240862053058e-06
HH Pandya,AR Patel,0.0
HH Pandya,LH Ferguson,0.0
HH Pandya,B Kumar,2.7715924081972133e-13
HH Pandya,SN Thakur,-8.076005773359311e-07
HH Pandya,Basil Thampi,0.0
HH Pandya,A Choudhary,0.0
HH Pandya,K Rabada,0.058975469008525155
HH Pandya,Imran Tahir,0.0
HH Pandya,S Kaul,0.0
HH Pandya,I Sharma,2.753988883150149e-06
HH Pandya,A Mishra,2.485292098931835e-06
HH Pandya,A Zampa,0.0
HH Pandya,TA Boult,0.0
HH Pandya,Rashid Khan,0.0
HH Pandya,YS Chahal,0.6152910346343041
HH Pandya,Mohammad Nabi,1.931745294367026e-10
HH Pandya,S Aravind,0.0
HH Pandya,Washington Sundar,0.0
HH Pandya,SR Watson,1.2501987185273205e-11
HH Pandya,MC Henriques,0.0
HH Pandya,AS Rajpoot,0.0
HH Pandya,DT Christian,0.0
HH Pandya,MJ Henry,0.0
HH Pandya,JD Unadkat,-2.106749656280707e-14
HH Pandya,CR Woakes,0.0
HH Pandya,AJ Tye,0.0
HH Pandya,Mohammed Siraj,0.16931273015057083
HH Pandya,Z Khan,-2.673499203782651e-12
HH Pandya,Kuldeep Yadav,-3.7962684157344384e-07
HH Pandya,AB Dinda,0.0
HH Pandya,CJ Anderson,0.0
HH Pandya,R Tewatia,0.0
HH Pandya,Sandeep Sharma,-2.2805561766300886e-05
HH Pandya,MM Sharma,0.0
HH Pandya,CH Morris,-1.3057135607827397e-05
HH Pandya,Mustafizur Rahman,0.0
HH Pandya,JP Faulkner,0.0
RV Uthappa,PJ Cummins,0.0
RV Uthappa,P Kumar,0.0
RV Uthappa,TS Mills,-7.118237715270158e-11
RV Uthappa,KH Pandya,0.0
RV Uthappa,AR Patel,0.0
RV Uthappa,B Kumar,1.2725247580606345e-18
RV Uthappa,SN Thakur,-7.826923604878047e-13
RV Uthappa,Basil Thampi,0.0
RV Uthappa,DS Kulkarni,0.0
RV Uthappa,K Rabada,1.3024997408126423e-14
RV Uthappa,Imran Tahir,0.0
RV Uthappa,BCJ Cutting,0.0
RV Uthappa,S Kaul,0.0
RV Uthappa,A Mishra,5.520696125987684e-13
RV Uthappa,MP Stoinis,0.0
RV Uthappa,CJ Jordan,0.0
RV Uthappa,Rashid Khan,0.0
RV Uthappa,S Aravind,0.0
RV Uthappa,Washington Sundar,0.0
RV Uthappa,DR Smith,0.0
RV Uthappa,MC Henriques,0.0
RV Uthappa,DT Christian,0.0
RV Uthappa,S Badree,0.0
RV Uthappa,Bipul Sharma,0.0
RV Uthappa,VR Aaron,0.0
RV Uthappa,JD Unadkat,1.217403489768629e-20
RV Uthappa,Mohammed Siraj,3.644608910542961e-14
RV Uthappa,Z Khan,-4.8788088510324905e-18
RV Uthappa,CJ Anderson,0.0
RV Uthappa,R Tewatia,0.0
RV Uthappa,STR Binny,0.0
RV Uthappa,RA Jadeja,-4.417378959073047e-20
RV Uthappa,KV Sharma,0.0
RV Uthappa,MM Sharma,0.0
RV Uthappa,CH Morris,-3.542552666960042e-11
RV Uthappa,SK Raina,0.0
RV Uthappa,RA Tripathi,0.0
RV Uthappa,JJ Bumrah,-1.811002920409921e-12
RV Uthappa,A Nehra,7.480970891140325e-13
RV Uthappa,JP Faulkner,0.0
HM Amla,Ankit Soni,0.0
HM Amla,BA Stokes,0.0
HM Amla,TS Mills,-0.0002757306168710737
HM Amla,KH Pandya,0.0
HM Amla,UT Yadav,2.376454306190338e-21
HM Amla,B Kumar,-1.8707046816954276e-11
HM Amla,C de Grandhomme,0.0
HM Amla,Basil Thampi,0.0
HM Amla,DS Kulkarni,0.0
HM Amla,A Choudhary,0.0
HM Amla,K Rabada,-5.74102719935461e-08
HM Amla,Imran Tahir,0.0
HM Amla,S Nadeem,0.0
HM Amla,A Mishra,0.0005452115263974953
HM Amla,SL Malinga,0.0
HM Amla,TA Boult,0.0
HM Amla,YS Chahal,-3.426218913283284e-06
HM Amla,R Bhatia,0.0
HM Amla,Harbhajan Singh,-1.327130621924434e-12
HM Amla,PP Chawla,0.0
HM Amla,PJ Sangwan,0.0
HM Amla,B Stanlake,0.008784196814867308
HM Amla,SR Watson,-6.173460873425578e-08
HM Amla,SP Narine,1.8521444409699214e-21
HM Amla,SS Agarwal,0.0
HM Amla,DT Christian,0.0
HM Amla,HH Pandya,2.434114127620291e-05
HM Amla,Iqbal Abdulla,0.0
HM Amla,CR Woakes,0.0
HM Amla,NB Singh,0.0
HM Amla,RD Chahar,0.0
HM Amla,AJ Tye,0.0
HM Amla,MJ McClenaghan,0.0
HM Amla,P Negi,0.0
HM Amla,Z Khan,2.5284901804213885e-10
HM Amla,AB Dinda,0.0
HM Amla,RA Jadeja,1.178311074847822e-12
HM Amla,CH Morris,0.013311687057157398
HM Amla,SK Raina,0.0
HM Amla,Mohammed Shami,0.0
HM Amla,JJ Bumrah,0.00041718298760004264
HM Amla,JP Faulkner,0.0
CJ Anderson,BA Stokes,0.0
CJ Anderson,AR Patel,0.0
CJ Anderson,B Kumar,0.0
CJ Anderson,HV Patel,0.0
CJ Anderson,Basil Thampi,0.0
CJ Anderson,Imran Tahir,0.0
CJ Anderson,S Kaul,0.0
CJ Anderson,KC Cariappa,0.0
CJ Anderson,A Zampa,0.0
CJ Anderson,SL Malinga,0.0
CJ Anderson,Rashid Khan,0.0
CJ Anderson,Harbhajan Singh,0.0
CJ Anderson,GJ Maxwell,0.0
CJ Anderson,Washington Sundar,0.0
CJ Anderson,PJ Sangwan,0.0
CJ Anderson,SR Watson,0.0
CJ Anderson,SP Narine,0.0
CJ Anderson,MC Henriques,0.0
CJ Anderson,VR Aaron,0.0
CJ Anderson,Mohammed Siraj,0.0
CJ Anderson,TM Head,0.0
CJ Anderson,MJ McClenaghan,0.0
CJ Anderson,Kuldeep Yadav,0.0
CJ Anderson,RA Jadeja,0.0
CJ Anderson,Sandeep Sharma,0.0
CJ Anderson,Yuvraj Singh,0.0
CJ Anderson,NM Coulter-Nile,0.0
CJ Anderson,MM Sharma,0.0
CJ Anderson,JJ Bumrah,0.0
CJ Anderson,JP Faulkner,0.0
TM Head,KH Pandya,0.0
TM Head,UT Yadav,0.0
TM Head,C de Grandhomme,0.0
TM Head,Basil Thampi,0.0
TM Head,DS Kulkarni,0.0
TM Head,BCJ Cutting,0.0
TM Head,S Nadeem,0.0
TM Head,SL Malinga,0.0
TM Head,Rashid Khan,0.0
TM Head,DJ Hooda,0.0
TM Head,S Kaushik,0.0
TM Head,PP Chawla,0.0
TM Head,SP Narine,0.0
TM Head,MC Henriques,0.0
TM Head,AS Rajpoot,0.0
TM Head,JD Unadkat,0.0
TM Head,CR Woakes,0.0
TM Head,AJ Tye,0.0
TM Head,RA Jadeja,0.0
TM Head,KV Sharma,0.0
TM Head,DL Chahar,0.0
TM Head,JJ Bumrah,0.0
TM Head,A Nehra,0.0
MM Patel,B Kumar,0.0
MJ McClenaghan,B Kumar,0.0
MJ McClenaghan,SN Thakur,0.0
MJ McClenaghan,Basil Thampi,0.0
MJ McClenaghan,DT Christian,0.0
MJ McClenaghan,S Badree,0.0
MJ McClenaghan,JD Unadkat,0.0
MJ McClenaghan,CH Morris,0.0
M Vohra,TS Mills,1.2361995440356957e-07
M Vohra,UT Yadav,-1.4028611985317231e-24
M Vohra,B Kumar,-3.6031922488516556e-16
M Vohra,BB Sran,0.0
M Vohra,C de Grandhomme,0.0
M Vohra,S Nadeem,0.0
M Vohra,S Kaul,0.0
M Vohra,TA Boult,0.0
M Vohra,Rashid Khan,0.0
M Vohra,YS Chahal,2.2090675860169073e-11
M Vohra,PP Chawla,0.0
M Vohra,Mohammad Nabi,1.0195510874718286e-10
M Vohra,S Aravind,0.0
M Vohra,B Stanlake,-2.5258497524240288e-08
M Vohra,SR Watson,3.731631968637849e-11
M Vohra,SP Narine,-1.1207748102659932e-24
M Vohra,SS Agarwal,0.0
M Vohra,MC Henriques,0.0
M Vohra,DT Christian,0.0
M Vohra,S Badree,0.0
M Vohra,Iqbal Abdulla,0.0
M Vohra,CR Woakes,0.0
M Vohra,NB Singh,0.0
M Vohra,P Negi,0.0
M Vohra,Z Khan,-3.3323553194989277e-14
M Vohra,AB Dinda,0.0
M Vohra,A Nehra,-5.020064047967365e-09
SS Tiwary,UT Yadav,0.0
SS Tiwary,C de Grandhomme,0.0
SS Tiwary,TA Boult,0.0
SS Tiwary,SP Narine,0.0
SS Tiwary,AS Rajpoot,0.0
SS Tiwary,Kuldeep Yadav,0.0
V Shankar,Ankit Soni,0.0
V Shankar,P Kumar,0.0
V Shankar,UT Yadav,0.0
V Shankar,SL Malinga,0.0
V Shankar,TA Boult,0.0
V Shankar,PP Chawla,0.0
V Shankar,MM Patel,0.0
V Shankar,PJ Sangwan,0.0
V Shankar,SP Narine,0.0
V Shankar,MJ McClenaghan,0.0
V Shankar,RA Jadeja,0.0
V Shankar,NM Coulter-Nile,0.0
V Shankar,JJ Bumrah,0.0
V Shankar,JP Faulkner,0.0
KC Cariappa,PJ Cummins,0.0
KC Cariappa,B Kumar,0.0
KC Cariappa,S Kaul,0.0
KC Cariappa,CH Morris,0.0
TG Southee,BA Stokes,0.0
Mohammad Nabi,Sandeep Sharma,0.0
DM Bravo,SN Thakur,0.0
DM Bravo,DT Christian,0.0
MK Pandey,BA Stokes,0.0
MK Pandey,AD Mathews,0.0
MK Pandey,PJ Cummins,0.0
MK Pandey,P Kumar,0.0
MK Pandey,KH Pandya,0.0
MK Pandey,AR Patel,0.0
MK Pandey,B Kumar,2.8974323368800278e-11
MK Pandey,SN Thakur,-0.00023941220492437087
MK Pandey,Basil Thampi,0.0
MK Pandey,K Rabada,2.603058937175346e-06
MK Pandey,Imran Tahir,0.0
MK Pandey,BCJ Cutting,0.0
MK Pandey,S Kaul,0.0
MK Pandey,A Mishra,0.0011530113360442486
MK Pandey,MP Stoinis,0.0
MK Pandey,MG Johnson,-0.002164335616304842
MK Pandey,SL Malinga,0.0
MK Pandey,Rashid Khan,0.0
MK Pandey,YS Chahal,2.7276268997903502e-05
MK Pandey,Harbhajan Singh,-6.6053795183358755e-12
MK Pandey,Washington Sundar,0.0
MK Pandey,Swapnil Singh,0.0
MK Pandey,TG Southee,0.0
MK Pandey,MC Henriques,0.0
MK Pandey,DT Christian,0.0
MK Pandey,S Badree,0.0
MK Pandey,Bipul Sharma,0.0
MK Pandey,VR Aaron,0.0
MK Pandey,MJ Henry,0.0
MK Pandey,HH Pandya,2.6593257668634023e-05
MK Pandey,Mohammed Siraj,7.511716083299404e-06
MK Pandey,MJ McClenaghan,0.0
MK Pandey,P Negi,0.0
MK Pandey,Z Khan,2.1096551040952017e-10
MK Pandey,CJ Anderson,0.0
MK Pandey,R Tewatia,0.0
MK Pandey,RA Jadeja,2.12235253145454e-12
MK Pandey,Sandeep Sharma,-0.004445416739997585
MK Pandey,KV Sharma,0.0
MK Pandey,MM Sharma,0.0
MK Pandey,CH Morris,-0.002484657928962842
MK Pandey,Mohammed Shami,0.0
MK Pandey,JJ Bumrah,0.0004008585442342213
MK Pandey,A Nehra,0.0017529349269094514
MK Pandey,R Vinay Kumar,0.030279027284671294
MK Pandey,JP Faulkner,0.0
F du Plessis,S Nadeem,0.0
F du Plessis,Z Khan,0.0
F du Plessis,CH Morris,0.0
A Mishra,BA Stokes,0.0
A Mishra,TS Mills,0.0
A Mishra,Basil Thampi,0.0
A Mishra,Harbhajan Singh,0.0
A Mishra,SR Watson,0.0
A Mishra,VR Aaron,0.0
A Mishra,HH Pandya,0.0
A Mishra,JD Unadkat,0.0
A Mishra,P Negi,0.0
A Mishra,Sandeep Sharma,0.0
A Mishra,KV Sharma,0.0
SK Raina,BA Stokes,0.0
SK Raina,PJ Cummins,0.0
SK Raina,KH Pandya,0.0
SK Raina,UT Yadav,0.0
SK Raina,AR Patel,0.0
SK Raina,LH Ferguson,0.0
SK Raina,B Kumar,0.0
SK Raina,Shakib Al Hasan,0.0
SK Raina,T Natarajan,0.0
SK Raina,SN Thakur,0.0
SK Raina,A Choudhary,0.0
SK Raina,K Rabada,0.0
SK Raina,Imran Tahir,0.0
SK Raina,S Nadeem,0.0
SK Raina,A Mishra,0.0
SK Raina,KC Cariappa,0.0
SK Raina,SL Malinga,0.0
SK Raina,TA Boult,0.0
SK Raina,Rashid Khan,0.0
SK Raina,YS Chahal,0.0
SK Raina,Harbhajan Singh,0.0
SK Raina,PP Chawla,0.0
SK Raina,GJ Maxwell,0.0
SK Raina,S Aravind,0.0
SK Raina,MN Samuels,0.0
SK Raina,SP Narine,0.0
SK Raina,S Badree,0.0
SK Raina,VR Aaron,0.0
SK Raina,CR Woakes,0.0
SK Raina,RD Chahar,0.0
SK Raina,Mohammed Siraj,0.0
SK Raina,TM Head,0.0
SK Raina,MJ McClenaghan,0.0
SK Raina,P Negi,0.0
SK Raina,Z Khan,0.0
SK Raina,Kuldeep Yadav,0.0
SK Raina,CJ Anderson,0.0
SK Raina,Sandeep Sharma,0.0
SK Raina,NM Coulter-Nile,0.0
SK Raina,MM Sharma,0.0
SK Raina,Mohammed Shami,0.0
SK Raina,JJ Bumrah,0.0
SK Raina,A Nehra,0.0
SK Raina,YK Pathan,0.0
MG Johnson,SN Thakur,-5.0127292073151326e-05
MG Johnson,DT Christian,0.0
MG Johnson,JD Unadkat,2.0233531949777375e-13
MG Johnson,CH Morris,0.21270347461600017
S Dhawan,BA Stokes,0.0
S Dhawan,AD Mathews,0.0
S Dhawan,PJ Cummins,0.0
S Dhawan,P Kumar,0.0
S Dhawan,TS Mills,3.393978674167582e-05
S Dhawan,KH Pandya,0.0
S Dhawan,UT Yadav,-3.0350636884397288e-22
S Dhawan,AR Patel,0.0
S Dhawan,Anureet Singh,0.0
S Dhawan,SN Thakur,-8.690659111150737e-06
S Dhawan,A Choudhary,0.0
S Dhawan,K Rabada,2.7626555745601254e-05
S Dhawan,Imran Tahir,0.0
S Dhawan,I Sharma,-5.027097905470172e-05
S Dhawan,A Mishra,-2.1751247521446674e-05
S Dhawan,KC Cariappa,4.0366862201642384e-05
S Dhawan,SL Malinga,0.0
S Dhawan,TA Boult,0.0
S Dhawan,YS Chahal,0.0002881583448316624
S Dhawan,Harbhajan Singh,-1.3736560575783393e-13
S Dhawan,GJ Maxwell,0.0
S Dhawan,S Aravind,0.0
S Dhawan,Washington Sundar,0.0
S Dhawan,PJ Sangwan,0.0
S Dhawan,J Yadav,0.0
S Dhawan,SR Watson,3.7656230366906724e-11
S Dhawan,SP Narine,-2.489939351708994e-22
S Dhawan,DT Christian,0.0
S Dhawan,HH Pandya,3.9610115797223705e-06
S Dhawan,JD Unadkat,8.203256458257186e-14
S Dhawan,CR Woakes,0.0
S Dhawan,TM Head,0.0
S Dhawan,MJ McClenaghan,0.0
S Dhawan,Z Khan,4.285324209913294e-11
S Dhawan,Kuldeep Yadav,3.833331800340203e-05
S Dhawan,STR Binny,0.0
S Dhawan,Sandeep Sharma,4.4246499976815005e-05
S Dhawan,NM Coulter-Nile,0.0
S Dhawan,KV Sharma,0.0
S Dhawan,MM Sharma,0.0
S Dhawan,CH Morris,0.0004917231178658688
S Dhawan,SK Raina,0.0
S Dhawan,Mohammed Shami,0.0
S Dhawan,JJ Bumrah,6.383163675951395e-05
S Dhawan,YK Pathan,0.0
Ankit Sharma,P Kumar,0.0
Ankit Sharma,Basil Thampi,0.0
Ankit Sharma,AJ Tye,0.0
Ankit Sharma,RA Jadeja,0.0
PA Patel,Ankit Soni,0.0
PA Patel,BA Stokes,0.0
PA Patel,PJ Cummins,0.0
PA Patel,P Kumar,0.0
PA Patel,UT Yadav,0.0
PA Patel,AR Patel,0.0
PA Patel,LH Ferguson,0.0
PA Patel,B Kumar,0.0
PA Patel,SN Thakur,0.0
PA Patel,Basil Thampi,0.0
PA Patel,A Choudhary,0.0
PA Patel,K Rabada,0.0
PA Patel,Imran Tahir,0.0
PA Patel,BCJ Cutting,0.0
PA Patel,S Kaul,0.0
PA Patel,I Sharma,0.0
PA Patel,IK Pathan,0.0
PA Patel,A Mishra,0.0
PA Patel,MP Stoinis,0.0
PA Patel,A Zampa,0.0
PA Patel,TA Boult,0.0
PA Patel,Rashid Khan,0.0
PA Patel,DJ Hooda,0.0
PA Patel,PP Chawla,0.0
PA Patel,Mohammad Nabi,0.0
PA Patel,GJ Maxwell,0.0
PA Patel,Washington Sundar,0.0
PA Patel,SP Narine,0.0
PA Patel,DT Christian,0.0
PA Patel,S Badree,0.0
PA Patel,MJ Henry,0.0
PA Patel,JD Unadkat,0.0
PA Patel,CR Woakes,0.0
PA Patel,AJ Tye,0.0
PA Patel,Mohammed Siraj,0.0
PA Patel,Z Khan,0.0
PA Patel,Kuldeep Yadav,0.0
PA Patel,AB Dinda,0.0
PA Patel,STR Binny,0.0
PA Patel,RA Jadeja,0.0
PA Patel,Sandeep Sharma,0.0
PA Patel,MM Sharma,0.0
PA Patel,CH Morris,0.0
PA Patel,SK Raina,0.0
PA Patel,Mohammed Shami,0.0
PA Patel,Mustafizur Rahman,0.0
PA Patel,A Nehra,0.0
PA Patel,JP Faulkner,0.0
KM Jadhav,Ankit Soni,0.0
KM Jadhav,BA Stokes,0.0
KM Jadhav,PJ Cummins,0.0
KM Jadhav,KH Pandya,0.0
KM Jadhav,UT Yadav,0.0
KM Jadhav,LH Ferguson,0.0
KM Jadhav,SN Thakur,0.0
KM Jadhav,Basil Thampi,0.0
KM Jadhav,DS Kulkarni,0.0
KM Jadhav,Imran Tahir,0.0
KM Jadhav,BCJ Cutting,0.0
KM Jadhav,S Nadeem,0.0
KM Jadhav,A Mishra,0.0
KM Jadhav,SL Malinga,0.0
KM Jadhav,Rashid Khan,0.0
KM Jadhav,DJ Hooda,0.0
KM Jadhav,CR Brathwaite,0.0
KM Jadhav,SP Narine,0.0
KM Jadhav,MC Henriques,0.0
KM Jadhav,AS Rajpoot,0.0
KM Jadhav,DT Christian,0.0
KM Jadhav,VR Aaron,0.0
KM Jadhav,JD Unadkat,0.0
KM Jadhav,CR Woakes,0.0
KM Jadhav,AJ Tye,0.0
KM Jadhav,MJ McClenaghan,0.0
KM Jadhav,Z Khan,0.0
KM Jadhav,RA Jadeja,0.0
KM Jadhav,Sandeep Sharma,0.0
KM Jadhav,NM Coulter-Nile,0.0
KM Jadhav,KV Sharma,0.0
KM Jadhav,MM Sharma,0.0
KM Jadhav,Mohammed Shami,0.0
KM Jadhav,JJ Bumrah,0.0
KM Jadhav,A Nehra,0.0
AP Tare,TS Mills,0.0
AP Tare,MG Johnson,0.0
AP Tare,YS Chahal,0.0
AP Tare,B Stanlake,0.0
AP Tare,Iqbal Abdulla,0.0
AP Tare,AB Dinda,0.0
AP Tare,DL Chahar,0.0
SL Malinga,SN Thakur,0.0
SL Malinga,IK Pathan,0.0
AR Bawne,SP Narine,0.0
AR Bawne,CR Woakes,0.0
AR Bawne,NM Coulter-Nile,0.0
AJ Finch,BA Stokes,0.0
AJ Finch,PJ Cummins,0.0
AJ Finch,LH Ferguson,0.0
AJ Finch,B Kumar,0.0
AJ Finch,Shakib Al Hasan,0.0
AJ Finch,T Natarajan,0.0
AJ Finch,SN Thakur,0.0
AJ Finch,A Choudhary,0.0
AJ Finch,K Rabada,0.0
AJ Finch,Imran Tahir,0.0
AJ Finch,A Mishra,0.0
AJ Finch,KC Cariappa,0.0
AJ Finch,SL Malinga,0.0
AJ Finch,Rashid Khan,0.0
AJ Finch,YS Chahal,0.0
AJ Finch,CR Brathwaite,0.0
AJ Finch,S Aravind,0.0
AJ Finch,SR Watson,0.0
AJ Finch,AF Milne,0.0
AJ Finch,SP Narine,0.0
AJ Finch,DT Christian,0.0
AJ Finch,S Badree,0.0
AJ Finch,RD Chahar,0.0
AJ Finch,P Negi,0.0
AJ Finch,Z Khan,0.0
AJ Finch,Kuldeep Yadav,0.0
AJ Finch,CJ Anderson,0.0
AJ Finch,Sandeep Sharma,0.0
AJ Finch,NM Coulter-Nile,0.0
AJ Finch,MM Sharma,0.0
AJ Finch,Mohammed Shami,0.0
AJ Finch,JJ Bumrah,0.0
AJ Finch,YK Pathan,0.0
PJ Sangwan,JD Unadkat,0.0
PJ Sangwan,Mohammed Siraj,0.0
PJ Sangwan,CJ Anderson,0.0
Rashid Khan,BA Stokes,0.0
Rashid Khan,SL Malinga,0.0
Rashid Khan,JD Unadkat,0.0
Rashid Khan,Sandeep Sharma,0.0
Rashid Khan,JJ Bumrah,0.0
YK Pathan,AD Mathews,0.0
YK Pathan,PJ Cummins,0.0
YK Pathan,P Kumar,0.0
YK Pathan,KH Pandya,0.0
YK Pathan,B Kumar,-5.758945750211131e-18
YK Pathan,SN Thakur,-1.3621076868914117e-11
YK Pathan,Basil Thampi,0.0
YK Pathan,Imran Tahir,0.0
YK Pathan,BCJ Cutting,0.0
YK Pathan,S Kaul,0.0
YK Pathan,A Mishra,-4.551803847384228e-12
YK Pathan,Rashid Khan,0.0
YK Pathan,YS Chahal,-9.611578150687543e-13
YK Pathan,Harbhajan Singh,-3.56263570517993e-19
YK Pathan,MC Henriques,0.0
YK Pathan,S Badree,0.0
YK Pathan,Bipul Sharma,0.0
YK Pathan,MJ Henry,0.0
YK Pathan,Mohammed Siraj,-1.447168948303583e-13
YK Pathan,Z Khan,6.649188623956726e-16
YK Pathan,KV Sharma,0.0
YK Pathan,MM Sharma,0.0
YK Pathan,CH Morris,5.815346413464248e-10
YK Pathan,Mohammed Shami,0.0
YK Pathan,JJ Bumrah,1.1836378967919025e-10
YK Pathan,A Nehra,-7.563850448713336e-12
YK Pathan,R Vinay Kumar,2.9412517406277356e-10
Sandeep Sharma,B Kumar,0.0
Sandeep Sharma,S Kaul,0.0
Sandeep Sharma,CH Morris,0.0
TA Boult,TG Southee,0.0
TA Boult,HH Pandya,0.0
SW Billings,BA Stokes,0.0
SW Billings,TS Mills,0.0002962740085465697
SW Billings,UT Yadav,-3.131080340048953e-20
SW Billings,AR Patel,0.0
SW Billings,B Kumar,3.228528776563804e-11
SW Billings,Imran Tahir,0.0
SW Billings,KC Cariappa,0.00031303687296681086
SW Billings,A Zampa,0.0
SW Billings,YS Chahal,1.1717715912684668e-05
SW Billings,B Stanlake,0.07397634828811075
SW Billings,SP Narine,-2.5296679525302952e-20
SW Billings,VR Aaron,0.0
SW Billings,Iqbal Abdulla,0.0
SW Billings,CR Woakes,0.0
SW Billings,Mohammed Siraj,2.5274807421461765e-06
SW Billings,Kuldeep Yadav,0.00026810830728241086
SW Billings,AB Dinda,0.0
SW Billings,Sandeep Sharma,-0.000562316505122229
SW Billings,NM Coulter-Nile,0.0
SW Billings,MM Sharma,0.0
SW Billings,DL Chahar,0.0
WP Saha,BA Stokes,0.0
WP Saha,KH Pandya,0.0
WP Saha,UT Yadav,0.0
WP Saha,C de Grandhomme,0.0
WP Saha,SN Thakur,0.0
WP Saha,Basil Thampi,0.0
WP Saha,A Choudhary,0.0
WP Saha,Imran Tahir,0.0
WP Saha,S Nadeem,0.0
WP Saha,S Kaul,0.0
WP Saha,A Zampa,0.0
WP Saha,SL Malinga,0.0
WP Saha,TA Boult,0.0
WP Saha,Rashid Khan,0.0
WP Saha,YS Chahal,0.0
WP Saha,Harbhajan Singh,0.0
WP Saha,PP Chawla,0.0
WP Saha,SR Watson,0.0
WP Saha,SP Narine,0.0
WP Saha,DR Smith,0.0
WP Saha,AS Rajpoot,0.0
WP Saha,DT Christian,0.0
WP Saha,S Badree,0.0
WP Saha,HH Pandya,0.0
WP Saha,JD Unadkat,0.0
WP Saha,CR Woakes,0.0
WP Saha,MJ McClenaghan,0.0
WP Saha,P Negi,0.0
WP Saha,Z Khan,0.0
WP Saha,Kuldeep Yadav,0.0
WP Saha,KV Sharma,0.0
WP Saha,JJ Bumrah,0.0
I Sharma,BA Stokes,0.0
I Sharma,B Kumar,0.0
I Sharma,S Kaul,0.0
I Sharma,A Zampa,0.0
I Sharma,JD Unadkat,0.0
I Sharma,A Nehra,0.0
RA Tripathi,P Kumar,0.0
RA Tripathi,KH Pandya,0.0
RA Tripathi,UT Yadav,1.325487093339667e-29
RA Tripathi,AR Patel,0.0
RA Tripathi,B Kumar,-9.159512461938737e-21
RA Tripathi,C de Grandhomme,0.0
RA Tripathi,Basil Thampi,0.0
RA Tripathi,S Kaul,0.0
RA Tripathi,I Sharma,-1.325900478050023e-13
RA Tripathi,MG Johnson,2.535367424222084e-12
RA Tripathi,Rashid Khan,0.0
RA Tripathi,YS Chahal,-3.356484827495854e-14
RA Tripathi,Harbhajan Singh,5.754168217219965e-21
RA Tripathi,PP Chawla,0.0
RA Tripathi,S Aravind,0.0
RA Tripathi,PJ Sangwan,0.0
RA Tripathi,SR Watson,-8.055172087445354e-17
RA Tripathi,AF Milne,0.0
RA Tripathi,SP Narine,1.0570267669036883e-29
RA Tripathi,MC Henriques,0.0
RA Tripathi,S Badree,0.0
RA Tripathi,Bipul Sharma,0.0
RA Tripathi,CR Woakes,0.0
RA Tripathi,SB Jakati,0.0
RA Tripathi,AJ Tye,0.0
RA Tripathi,Mohammed Siraj,-9.010094917496401e-15
RA Tripathi,MJ McClenaghan,0.0
RA Tripathi,P Negi,0.0
RA Tripathi,Z Khan,-2.1247206097105707e-19
RA Tripathi,Kuldeep Yadav,-9.892510201052858e-14
RA Tripathi,R Tewatia,0.0
RA Tripathi,STR Binny,0.0
RA Tripathi,Sandeep Sharma,9.72012888925418e-13
RA Tripathi,NM Coulter-Nile,0.0
RA Tripathi,KV Sharma,0.0
RA Tripathi,MM Sharma,0.0
RA Tripathi,CH Morris,-2.614042597309173e-12
RA Tripathi,Mohammed Shami,0.0
RA Tripathi,JJ Bumrah,-1.9684393832365565e-13
RA Tripathi,A Nehra,-7.697366764368564e-14
SN Thakur,S Kaul,0.0
SN Thakur,AF Milne,0.0
SN Thakur,AJ Tye,0.0
JC Buttler,Ankit Soni,0.0
JC Buttler,BA Stokes,0.0
JC Buttler,P Kumar,0.0
JC Buttler,AR Patel,0.0
JC Buttler,B Kumar,0.0
JC Buttler,SN Thakur,0.0
JC Buttler,Basil Thampi,0.0
JC Buttler,A Choudhary,0.0
JC Buttler,K Rabada,0.0
JC Buttler,Imran Tahir,0.0
JC Buttler,I Sharma,0.0
JC Buttler,MP Stoinis,0.0
JC Buttler,TA Boult,0.0
JC Buttler,YS Chahal,0.0
JC Buttler,MM Patel,0.0
JC Buttler,S Aravind,0.0
JC Buttler,Washington Sundar,0.0
JC Buttler,Swapnil Singh,0.0
JC Buttler,SR Watson,0.0
JC Buttler,AF Milne,0.0
JC Buttler,SP Narine,0.0
JC Buttler,AS Rajpoot,0.0
JC Buttler,S Badree,0.0
JC Buttler,JD Unadkat,0.0
JC Buttler,CR Woakes,0.0
JC Buttler,AJ Tye,0.0
JC Buttler,P Negi,0.0
JC Buttler,Z Khan,0.0
JC Buttler,Kuldeep Yadav,0.0
JC Buttler,AB Dinda,0.0
JC Buttler,STR Binny,0.0
JC Buttler,RA Jadeja,0.0
JC Buttler,Sandeep Sharma,0.0
JC Buttler,MM Sharma,0.0
JC Buttler,DL Chahar,0.0
JC Buttler,CH Morris,0.0
JC Buttler,A Nehra,0.0
JC Buttler,JP Faulkner,0.0
S Nadeem,Avesh Khan,0.0
S Nadeem,P Negi,0.0
S Nadeem,MM Sharma,0.0
K Rabada,KH Pandya,0.0
K Rabada,AR Patel,0.0
K Rabada,MG Johnson,0.0
K Rabada,Harbhajan Singh,0.0
K Rabada,GJ Maxwell,0.0
K Rabada,VR Aaron,0.0
K Rabada,HH Pandya,0.0
K Rabada,MJ McClenaghan,0.0
K Rabada,Sandeep Sharma,0.0
K Rabada,KV Sharma,0.0
K Rabada,JJ Bumrah,0.0
AM Rahane,PJ Cummins,0.0
AM Rahane,P Kumar,0.0
AM Rahane,KH Pandya,0.0
AM Rahane,UT Yadav,-7.076723711525995e-22
AM Rahane,AR Patel,0.0
AM Rahane,B Kumar,-1.2989729826941909e-12
AM Rahane,T Natarajan,-1.5185227837898737e-13
AM Rahane,C de Grandhomme,0.0
AM Rahane,S Nadeem,0.0
AM Rahane,S Kaul,0.0
AM Rahane,I Sharma,-5.94111962432288e-05
AM Rahane,MG Johnson,5.056098766932556e-05
AM Rahane,SL Malinga,0.0
AM Rahane,Rashid Khan,0.0
AM Rahane,Harbhajan Singh,-2.1397297566655263e-13
AM Rahane,PP Chawla,0.0
AM Rahane,GJ Maxwell,0.0
AM Rahane,S Aravind,0.0
AM Rahane,Swapnil Singh,0.0
AM Rahane,PJ Sangwan,0.0
AM Rahane,SR Watson,1.296633568506366e-11
AM Rahane,AF Milne,0.0
AM Rahane,SP Narine,-5.752656532078953e-22
AM Rahane,TG Southee,0.0
AM Rahane,MC Henriques,0.0
AM Rahane,S Badree,0.0
AM Rahane,Bipul Sharma,0.0
AM Rahane,HH Pandya,6.062475606803936e-06
AM Rahane,CR Woakes,0.0
AM Rahane,MJ McClenaghan,0.0
AM Rahane,P Negi,0.0
AM Rahane,Z Khan,6.307023700718204e-11
AM Rahane,Kuldeep Yadav,9.339899793292528e-07
AM Rahane,R Tewatia,0.0
AM Rahane,Sandeep Sharma,4.635491662642187e-05
AM Rahane,NM Coulter-Nile,0.0
AM Rahane,KV Sharma,0.0
AM Rahane,MM Sharma,0.0
AM Rahane,JJ Bumrah,9.970079787764375e-05
AM Rahane,A Nehra,-3.89336784300592e-05
SR Watson,BA Stokes,0.0
SR Watson,PJ Cummins,0.0
SR Watson,KH Pandya,0.0
SR Watson,AR Patel,0.0
SR Watson,B Kumar,0.0
SR Watson,SN Thakur,0.0
SR Watson,Imran Tahir,0.0
SR Watson,BCJ Cutting,0.0
SR Watson,S Nadeem,0.0
SR Watson,A Mishra,0.0
SR Watson,Rashid Khan,0.0
SR Watson,MC Henriques,0.0
SR Watson,DT Christian,0.0
SR Watson,Bipul Sharma,0.0
SR Watson,JD Unadkat,0.0
SR Watson,Z Khan,0.0
SR Watson,CJ Anderson,0.0
SR Watson,MM Sharma,0.0
SR Watson,CH Morris,0.0
SR Watson,JJ Bumrah,0.0
SR Watson,A Nehra,0.0
MC Henriques,Tejas Baroka,0.0
MC Henriques,BA Stokes,0.0
MC Henriques,P Kumar,0.0
MC Henriques,TS Mills,0.01696900369863002
MC Henriques,AR Patel,0.0
MC Henriques,SN Thakur,2.2640416025065648e-05
MC Henriques,Basil Thampi,0.0
MC Henriques,DS Kulkarni,0.0
MC Henriques,A Choudhary,0.0
MC Henriques,K Rabada,-3.643653737708287e-07
MC Henriques,Imran Tahir,0.0
MC Henriques,I Sharma,0.0004423551231152699
MC Henriques,A Mishra,0.00020903142886110997
MC Henriques,KC Cariappa,0.020350282768552955
MC Henriques,SL Malinga,0.0
MC Henriques,YS Chahal,1.0270869195711657e-06
MC Henriques,Harbhajan Singh,1.9767310163856664e-12
MC Henriques,S Kaushik,0.0
MC Henriques,GJ Maxwell,0.0
MC Henriques,S Aravind,0.0
MC Henriques,SR Watson,1.1698549814708395e-07
MC Henriques,SP Narine,1.4273527666230353e-20
MC Henriques,DT Christian,0.0
MC Henriques,HH Pandya,1.2114925114017936e-05
MC Henriques,JD Unadkat,-3.048951627600973e-12
MC Henriques,CR Woakes,0.0
MC Henriques,TM Head,0.0
MC Henriques,MJ McClenaghan,0.0
MC Henriques,Z Khan,-1.7579902638008725e-09
MC Henriques,Kuldeep Yadav,-1.3134609636367145e-05
MC Henriques,STR Binny,0.0
MC Henriques,KV Sharma,0.0
MC Henriques,MM Sharma,0.0
MC Henriques,CH Morris,-0.0014197657203205965
MC Henriques,Mohammed Shami,0.0
MC Henriques,JJ Bumrah,0.00020606082291888678
MC Henriques,YK Pathan,0.0
RG Sharma,Ankit Soni,0.0
RG Sharma,BA Stokes,0.0
RG Sharma,PJ Cummins,0.0
RG Sharma,P Kumar,0.0
RG Sharma,UT Yadav,-2.9410863729245776e-21
RG Sharma,LH Ferguson,0.0
RG Sharma,B Kumar,3.3847828025607707e-12
RG Sharma,C de Grandhomme,0.0
RG Sharma,SN Thakur,-7.198314215916234e-05
RG Sharma,Basil Thampi,0.0
RG Sharma,A Choudhary,0.0
RG Sharma,K Rabada,-1.9626818113707006e-07
RG Sharma,Imran Tahir,0.0
RG Sharma,S Kaul,0.0
RG Sharma,I Sharma,0.3292043302340619
RG Sharma,A Mishra,0.13974737430186018
RG Sharma,A Zampa,0.0
RG Sharma,TA Boult,0.0
RG Sharma,Rashid Khan,0.0
RG Sharma,YS Chahal,1.904944320341162e-06
RG Sharma,PP Chawla,0.0
RG Sharma,MM Patel,0.0
RG Sharma,Mohammad Nabi,-7.475022958747017e-09
RG Sharma,GJ Maxwell,0.0
RG Sharma,S Aravind,0.0
RG Sharma,Washington Sundar,0.0
RG Sharma,SR Watson,-3.943071168855744e-09
RG Sharma,AF Milne,0.0
RG Sharma,SP Narine,-2.2582563638684805e-21
RG Sharma,DR Smith,0.0
RG Sharma,MC Henriques,0.0
RG Sharma,AS Rajpoot,0.0
RG Sharma,DT Christian,0.0
RG Sharma,S Badree,0.0
RG Sharma,JD Unadkat,-4.195910725647291e-12
RG Sharma,AJ Tye,0.0
RG Sharma,Mohammed Siraj,2.1953054358918311e-07
RG Sharma,P Negi,0.0
RG Sharma,Z Khan,-1.1489595786954699e-11
RG Sharma,Kuldeep Yadav,8.9632011896712e-05
RG Sharma,CJ Anderson,0.0
RG Sharma,R Tewatia,0.0
RG Sharma,STR Binny,0.0
RG Sharma,RA Jadeja,-4.120627404162161e-13
RG Sharma,NM Coulter-Nile,0.0
RG Sharma,DL Chahar,0.0
RG Sharma,CH Morris,0.0004479684431296649
RG Sharma,SK Raina,0.0
RG Sharma,A Nehra,0.21271093786186573
RG Sharma,JP Faulkner,0.0
AD Nath,KC Cariappa,0.0
CJ Jordan,NM Coulter-Nile,0.0
RA Jadeja,BA Stokes,0.0
RA Jadeja,PJ Cummins,0.0
RA Jadeja,KH Pandya,0.0
RA Jadeja,UT Yadav,0.0
RA Jadeja,AR Patel,0.0
RA Jadeja,B Kumar,0.0
RA Jadeja,T Natarajan,0.0
RA Jadeja,SN Thakur,0.0
RA Jadeja,K Rabada,0.0
RA Jadeja,S Kaul,0.0
RA Jadeja,MP Stoinis,0.0
RA Jadeja,KC Cariappa,0.0
RA Jadeja,SL Malinga,0.0
RA Jadeja,Rashid Khan,0.0
RA Jadeja,YS Chahal,0.0
RA Jadeja,Harbhajan Singh,0.0
RA Jadeja,CR Brathwaite,0.0
RA Jadeja,S Aravind,0.0
RA Jadeja,SR Watson,0.0
RA Jadeja,AF Milne,0.0
RA Jadeja,SP Narine,0.0
RA Jadeja,DT Christian,0.0
RA Jadeja,VR Aaron,0.0
RA Jadeja,Mohammed Siraj,0.0
RA Jadeja,TM Head,0.0
RA Jadeja,P Negi,0.0
RA Jadeja,Kuldeep Yadav,0.0
RA Jadeja,CJ Anderson,0.0
RA Jadeja,Sandeep Sharma,0.0
RA Jadeja,NM Coulter-Nile,0.0
RA Jadeja,Mohammed Shami,0.0
RA Jadeja,JJ Bumrah,0.0
Z Khan,Harbhajan Singh,0.0
Z Khan,HH Pandya,0.0
Z Khan,P Negi,0.0
Z Khan,KV Sharma,0.0
S Kaul,JD Unadkat,0.0
KD Karthik,BA Stokes,0.0
KD Karthik,PJ Cummins,0.0
KD Karthik,KH Pandya,0.0
KD Karthik,AR Patel,0.0
KD Karthik,B Kumar,2.3585050138091396e-21
KD Karthik,T Natarajan,3.4553865190523784e-21
KD Karthik,SN Thakur,-1.3742037192412028e-14
KD Karthik,K Rabada,-5.968498156162823e-13
KD Karthik,Imran Tahir,0.0
KD Karthik,BCJ Cutting,0.0
KD Karthik,S Nadeem,0.0
KD Karthik,A Mishra,-5.275748819703682e-13
KD Karthik,MP Stoinis,0.0
KD Karthik,KC Cariappa,1.8839527416648776e-12
KD Karthik,SL Malinga,0.0
KD Karthik,TA Boult,0.0
KD Karthik,Rashid Khan,0.0
KD Karthik,Harbhajan Singh,5.376765431524113e-22
KD Karthik,PP Chawla,0.0
KD Karthik,CR Brathwaite,0.0
KD Karthik,GJ Maxwell,0.0
KD Karthik,S Aravind,0.0
KD Karthik,MN Samuels,0.0
KD Karthik,SP Narine,5.556832280426556e-32
KD Karthik,MC Henriques,0.0
KD Karthik,DT Christian,0.0
KD Karthik,Bipul Sharma,0.0
KD Karthik,VR Aaron,0.0
KD Karthik,HH Pandya,-4.844717407897991e-15
KD Karthik,JD Unadkat,-1.0560077399039754e-22
KD Karthik,CR Woakes,0.0
KD Karthik,RD Chahar,0.0
KD Karthik,MJ McClenaghan,0.0
KD Karthik,P Negi,0.0
KD Karthik,Z Khan,-4.843522652833678e-19
KD Karthik,Kuldeep Yadav,-3.108708837369623e-13
KD Karthik,CJ Anderson,0.0
KD Karthik,Sandeep Sharma,1.8582325067607762e-12
KD Karthik,NM Coulter-Nile,0.0
KD Karthik,MM Sharma,0.0
KD Karthik,Mohammed Shami,0.0
KD Karthik,JJ Bumrah,-1.0534820279647684e-13
KD Karthik,A Nehra,-8.031776361023027e-13
Sachin Baby,PJ Cummins,0.0
Sachin Baby,LH Ferguson,0.0
Sachin Baby,Washington Sundar,0.0
Sachin Baby,Bipul Sharma,0.0
Sachin Baby,Z Khan,0.0
Sachin Baby,Mohammed Shami,0.0
MA Agarwal,PJ Cummins,0.0
MA Agarwal,S Nadeem,0.0
MA Agarwal,TG Southee,0.0
MA Agarwal,HH Pandya,0.0
MA Agarwal,MJ McClenaghan,0.0
MA Agarwal,Z Khan,0.0
MA Agarwal,Sandeep Sharma,0.0
MA Agarwal,CH Morris,0.0
R Bhatia,PJ Cummins,0.0
R Bhatia,S Nadeem,0.0
R Bhatia,A Mishra,0.0
R Bhatia,CJ Anderson,0.0
KK Nair,BA Stokes,0.0
KK Nair,Avesh Khan,0.0
KK Nair,TS Mills,-9.702425236738622e-13
KK Nair,UT Yadav,-2.580153998056453e-31
KK Nair,AR Patel,0.0
KK Nair,B Kumar,1.0086968064174434e-20
KK Nair,T Natarajan,-1.0684177173399395e-22
KK Nair,HV Patel,0.0
KK Nair,C de Grandhomme,0.0
KK Nair,SN Thakur,1.2911497282604378e-14
KK Nair,Basil Thampi,0.0
KK Nair,DS Kulkarni,0.0
KK Nair,S Kaul,0.0
KK Nair,MG Johnson,1.1421309515139526e-12
KK Nair,A Zampa,0.0
KK Nair,SL Malinga,0.0
KK Nair,Rashid Khan,0.0
KK Nair,YS Chahal,-1.3767420580712835e-14
KK Nair,Harbhajan Singh,1.518952098286836e-21
KK Nair,Washington Sundar,0.0
KK Nair,PJ Sangwan,0.0
KK Nair,B Stanlake,-2.743802544676623e-13
KK Nair,SR Watson,6.386722844288084e-17
KK Nair,SP Narine,-1.7199848372398855e-31
KK Nair,DR Smith,0.0
KK Nair,MC Henriques,0.0
KK Nair,DT Christian,0.0
KK Nair,VR Aaron,0.0
KK Nair,HH Pandya,1.0684228653164863e-14
KK Nair,JD Unadkat,2.8909628129198275e-21
KK Nair,CR Woakes,0.0
KK Nair,Mohammed Siraj,-3.6917646437253095e-15
KK Nair,MJ McClenaghan,0.0
KK Nair,Kuldeep Yadav,-1.2611060761380747e-14
KK Nair,RA Jadeja,1.5815028873499134e-21
KK Nair,Sandeep Sharma,6.80781977627335e-13
KK Nair,NM Coulter-Nile,0.0
KK Nair,MM Sharma,0.0
KK Nair,JJ Bumrah,1.620996802652742e-13
KK Nair,JP Faulkner,0.0
B Kumar,JD Unadkat,0.0
B Kumar,JJ Bumrah,0.0
SA Yadav,BA Stokes,0.0
SA Yadav,PJ Cummins,0.0
SA Yadav,TS Mills,0.0
SA Yadav,KH Pandya,0.0
SA Yadav,Basil Thampi,0.0
SA Yadav,Imran Tahir,0.0
SA Yadav,MG Johnson,0.0
SA Yadav,SL Malinga,0.0
SA Yadav,YS Chahal,0.0
SA Yadav,Harbhajan Singh,0.0
SA Yadav,S Aravind,0.0
SA Yadav,DT Christian,0.0
SA Yadav,S Badree,0.0
SA Yadav,HH Pandya,0.0
SA Yadav,JD Unadkat,0.0
SA Yadav,MJ McClenaghan,0.0
SA Yadav,P Negi,0.0
SA Yadav,KV Sharma,0.0
SA Yadav,CH Morris,0.0
SA Yadav,JJ Bumrah,0.0
SA Yadav,A Nehra,0.0
Yuvraj Singh,BA Stokes,0.0
Yuvraj Singh,AD Mathews,0.0
Yuvraj Singh,TS Mills,0.0
Yuvraj Singh,UT Yadav,0.0
Yuvraj Singh,AR Patel,0.0
Yuvraj Singh,SN Thakur,0.0
Yuvraj Singh,A Choudhary,0.0
Yuvraj Singh,K Rabada,0.0
Yuvraj Singh,Imran Tahir,0.0
Yuvraj Singh,A Mishra,0.0
Yuvraj Singh,KC Cariappa,0.0
Yuvraj Singh,SL Malinga,0.0
Yuvraj Singh,YS Chahal,0.0
Yuvraj Singh,Harbhajan Singh,0.0
Yuvraj Singh,PP Chawla,0.0
Yuvraj Singh,GJ Maxwell,0.0
Yuvraj Singh,S Aravind,0.0
Yuvraj Singh,J Yadav,0.0
Yuvraj Singh,SR Watson,0.0
Yuvraj Singh,SP Narine,0.0
Yuvraj Singh,DT Christian,0.0
Yuvraj Singh,HH Pandya,0.0
Yuvraj Singh,JD Unadkat,0.0
Yuvraj Singh,CR Woakes,0.0
Yuvraj Singh,MJ McClenaghan,0.0
Yuvraj Singh,Kuldeep Yadav,0.0
Yuvraj Singh,STR Binny,0.0
Yuvraj Singh,NM Coulter-Nile,0.0
Yuvraj Singh,MM Sharma,0.0
Yuvraj Singh,CH Morris,0.0
Yuvraj Singh,Mohammed Shami,0.0
Yuvraj Singh,JJ Bumrah,0.0
SP Jackson,BA Stokes,0.0
SP Jackson,B Kumar,0.0
SP Jackson,K Rabada,0.0
SP Jackson,S Kaul,0.0
SP Jackson,Rashid Khan,0.0
SP Jackson,Washington Sundar,0.0
SP Jackson,JD Unadkat,0.0
SP Jackson,Mohammed Siraj,0.0
SP Jackson,CH Morris,0.0
RD Chahar,AJ Tye,0.0
AR Patel,BA Stokes,0.0
AR Patel,PJ Cummins,0.0
AR Patel,UT Yadav,0.0
AR Patel,B Kumar,0.0
AR Patel,SN Thakur,0.0
AR Patel,Basil Thampi,0.0
AR Patel,A Choudhary,0.0
AR Patel,Imran Tahir,0.0
AR Patel,S Kaul,0.0
AR Patel,A Mishra,0.0
AR Patel,A Zampa,0.0
AR Patel,SL Malinga,0.0
AR Patel,Rashid Khan,0.0
AR Patel,YS Chahal,0.0
AR Patel,R Bhatia,0.0
AR Patel,Mohammad Nabi,0.0
AR Patel,SR Watson,0.0
AR Patel,SP Narine,0.0
AR Patel,DR Smith,0.0
AR Patel,MC Henriques,0.0
AR Patel,AS Rajpoot,0.0
AR Patel,DT Christian,0.0
AR Patel,S Badree,0.0
AR Patel,HH Pandya,0.0
AR Patel,Iqbal Abdulla,0.0
AR Patel,CR Woakes,0.0
AR Patel,RD Chahar,0.0
AR Patel,AJ Tye,0.0
AR Patel,MJ McClenaghan,0.0
AR Patel,Z Khan,0.0
AR Patel,Kuldeep Yadav,0.0
AR Patel,CJ Anderson,0.0
AR Patel,RA Jadeja,0.0
AR Patel,CH Morris,0.0
AR Patel,JJ Bumrah,0.0
AR Patel,A Nehra,0.0
Ishan Kishan,BA Stokes,0.0
Ishan Kishan,PJ Cummins,0.0
Ishan Kishan,KH Pandya,0.0
Ishan Kishan,AR Patel,0.0
Ishan Kishan,B Kumar,0.0
Ishan Kishan,T Natarajan,0.0
Ishan Kishan,K Rabada,0.0
Ishan Kishan,Imran Tahir,0.0
Ishan Kishan,S Kaul,0.0
Ishan Kishan,A Mishra,0.0
Ishan Kishan,SL Malinga,0.0
Ishan Kishan,Rashid Khan,0.0
Ishan Kishan,Harbhajan Singh,0.0
Ishan Kishan,Mohammad Nabi,0.0
Ishan Kishan,GJ Maxwell,0.0
Ishan Kishan,S Aravind,0.0
Ishan Kishan,Washington Sundar,0.0
Ishan Kishan,AF Milne,0.0
Ishan Kishan,SP Narine,0.0
Ishan Kishan,MC Henriques,0.0
Ishan Kishan,S Badree,0.0
Ishan Kishan,HH Pandya,0.0
Ishan Kishan,JD Unadkat,0.0
Ishan Kishan,CR Woakes,0.0
Ishan Kishan,Mohammed Siraj,0.0
Ishan Kishan,TM Head,0.0
Ishan Kishan,MJ McClenaghan,0.0
Ishan Kishan,Z Khan,0.0
Ishan Kishan,Kuldeep Yadav,0.0
Ishan Kishan,CJ Anderson,0.0
Ishan Kishan,Sandeep Sharma,0.0
Ishan Kishan,NM Coulter-Nile,0.0
Ishan Kishan,MM Sharma,0.0
Ishan Kishan,Mohammed Shami,0.0
Ishan Kishan,JJ Bumrah,0.0
MP Stoinis,UT Yadav,0.0
MP Stoinis,Basil Thampi,0.0
MP Stoinis,PP Chawla,0.0
MP Stoinis,SP Narine,0.0
MP Stoinis,AJ Tye,0.0
MP Stoinis,MJ McClenaghan,0.0
MP Stoinis,RA Jadeja,0.0
MP Stoinis,JJ Bumrah,0.0
JD Unadkat,AF Milne,0.0
SV Samson,Ankit Soni,0.0
SV Samson,BA Stokes,0.0
SV Samson,Avesh Khan,0.0
SV Samson,TS Mills,6.573460235289414e-05
SV Samson,UT Yadav,-2.4459191999144953e-20
SV Samson,AR Patel,0.0
SV Samson,B Kumar,2.5680419594666028e-11
SV Samson,T Natarajan,1.7347275837386927e-13
SV Samson,C de Grandhomme,0.0
SV Samson,Basil Thampi,0.0
SV Samson,DS Kulkarni,0.0
SV Samson,Imran Tahir,0.0
SV Samson,S Kaul,0.0
SV Samson,KC Cariappa,4.087285978047767e-05
SV Samson,MG Johnson,-0.005041415957622959
SV Samson,A Zampa,0.0
SV Samson,Rashid Khan,0.0
SV Samson,YS Chahal,5.856674743491205e-05
SV Samson,R Bhatia,0.0
SV Samson,PJ Sangwan,0.0
SV Samson,B Stanlake,0.0589006773538748
SV Samson,SP Narine,-1.9761413483375316e-20
SV Samson,DR Smith,0.0
SV Samson,MC Henriques,0.0
SV Samson,VR Aaron,0.0
SV Samson,JD Unadkat,-3.270625466666995e-13
SV Samson,Iqbal Abdulla,0.0
SV Samson,CR Woakes,0.0
SV Samson,Mohammed Siraj,1.5640625123484152e-05
SV Samson,MJ McClenaghan,0.0
SV Samson,Kuldeep Yadav,-8.392494621417557e-05
SV Samson,AB Dinda,0.0
SV Samson,RA Jadeja,-1.2919973826275163e-12
SV Samson,Sandeep Sharma,-0.0011077048965095482
SV Samson,Yuvraj Singh,0.0
SV Samson,NM Coulter-Nile,0.0
SV Samson,MM Sharma,0.0
SV Samson,DL Chahar,0.0
SV Samson,SK Raina,0.0
SV Samson,JP Faulkner,0.0
DL Chahar,PJ Cummins,0.0
DL Chahar,A Mishra,0.0
DL Chahar,Z Khan,0.0
DJ Hooda,TS Mills,0.0
DJ Hooda,KH Pandya,0.0
DJ Hooda,UT Yadav,0.0
DJ Hooda,AR Patel,0.0
DJ Hooda,SN Thakur,0.0
DJ Hooda,A Choudhary,0.0
DJ Hooda,KC Cariappa,0.0
DJ Hooda,YS Chahal,0.0
DJ Hooda,Harbhajan Singh,0.0
DJ Hooda,SR Watson,0.0
DJ Hooda,SP Narine,0.0
DJ Hooda,JD Unadkat,0.0
DJ Hooda,CR Woakes,0.0
DJ Hooda,MJ McClenaghan,0.0
DJ Hooda,Z Khan,0.0
DJ Hooda,Kuldeep Yadav,0.0
DJ Hooda,MM Sharma,0.0
DJ Hooda,CH Morris,0.0
SPD Smith,P Kumar,0.0
SPD Smith,KH Pandya,0.0
SPD Smith,UT Yadav,-3.2264066398005466e-20
SPD Smith,AR Patel,0.0
SPD Smith,B Kumar,-1.2144462831340905e-15
SPD Smith,T Natarajan,-3.4196858594594395e-12
SPD Smith,KA Pollard,0.0
SPD Smith,C de Grandhomme,0.0
SPD Smith,Basil Thampi,0.0
SPD Smith,S Nadeem,0.0
SPD Smith,S Kaul,0.0
SPD Smith,A Mishra,1.646922727955788e-06
SPD Smith,MP Stoinis,0.0
SPD Smith,MG Johnson,0.0008824543907040203
SPD Smith,SL Malinga,0.0
SPD Smith,Rashid Khan,0.0
SPD Smith,YS Chahal,0.07015594333654071
SPD Smith,Harbhajan Singh,-2.8344114514775096e-14
SPD Smith,PP Chawla,0.0
SPD Smith,GJ Maxwell,0.0
SPD Smith,S Aravind,0.0
SPD Smith,Swapnil Singh,0.0
SPD Smith,PJ Sangwan,0.0
SPD Smith,SR Watson,8.16433448929283e-10
SPD Smith,SP Narine,-2.5753850525914728e-20
SPD Smith,DR Smith,0.0
SPD Smith,TG Southee,0.0
SPD Smith,MC Henriques,0.0
SPD Smith,S Badree,0.0
SPD Smith,Bipul Sharma,0.0
SPD Smith,HH Pandya,1.0371973683690586e-05
SPD Smith,CR Woakes,0.0
SPD Smith,SB Jakati,0.0
SPD Smith,AJ Tye,0.0
SPD Smith,MJ McClenaghan,0.0
SPD Smith,P Negi,0.0
SPD Smith,Z Khan,-5.355780843131849e-12
SPD Smith,Kuldeep Yadav,6.633013398234244e-05
SPD Smith,R Tewatia,0.0
SPD Smith,STR Binny,0.0
SPD Smith,RA Jadeja,6.052736347705019e-15
SPD Smith,Sandeep Sharma,8.802296123507428e-05
SPD Smith,KV Sharma,0.0
SPD Smith,MM Sharma,0.0
SPD Smith,Mohammed Shami,0.0
SPD Smith,JJ Bumrah,0.0003791136870174345
SPD Smith,A Nehra,3.2576737176437387e-06
NM Coulter-Nile,BA Stokes,0.0
NM Coulter-Nile,TS Mills,0.0
NM Coulter-Nile,MG Johnson,0.0
NM Coulter-Nile,DT Christian,0.0
NM Coulter-Nile,JD Unadkat,0.0
NM Coulter-Nile,P Negi,0.0
G Gambhir,BA Stokes,0.0
G Gambhir,PJ Cummins,0.0
G Gambhir,P Kumar,0.0
G Gambhir,TS Mills,0.0
G Gambhir,KH Pandya,0.0
G Gambhir,AR Patel,0.0
G Gambhir,B Kumar,0.0
G Gambhir,SN Thakur,0.0
G Gambhir,Basil Thampi,0.0
G Gambhir,DS Kulkarni,0.0
G Gambhir,A Choudhary,0.0
G Gambhir,K Rabada,0.0
G Gambhir,Imran Tahir,0.0
G Gambhir,BCJ Cutting,0.0
G Gambhir,MS Gony,0.0
G Gambhir,S Kaul,0.0
G Gambhir,I Sharma,0.0
G Gambhir,A Mishra,0.0
G Gambhir,MP Stoinis,0.0
G Gambhir,CJ Jordan,0.0
G Gambhir,MG Johnson,0.0
G Gambhir,SL Malinga,0.0
G Gambhir,Rashid Khan,0.0
G Gambhir,YS Chahal,0.0
G Gambhir,S Kaushik,0.0
G Gambhir,GJ Maxwell,0.0
G Gambhir,S Aravind,0.0
G Gambhir,Washington Sundar,0.0
G Gambhir,Swapnil Singh,0.0
G Gambhir,DR Smith,0.0
G Gambhir,TG Southee,0.0
G Gambhir,DT Christian,0.0
G Gambhir,S Badree,0.0
G Gambhir,Bipul Sharma,0.0
G Gambhir,VR Aaron,0.0
G Gambhir,MJ Henry,0.0
G Gambhir,JD Unadkat,0.0
G Gambhir,SB Jakati,0.0
G Gambhir,Mohammed Siraj,0.0
G Gambhir,TM Head,0.0
G Gambhir,MJ McClenaghan,0.0
G Gambhir,P Negi,0.0
G Gambhir,Z Khan,0.0
G Gambhir,CJ Anderson,0.0
G Gambhir,R Tewatia,0.0
G Gambhir,RA Jadeja,0.0
G Gambhir,Sandeep Sharma,0.0
G Gambhir,KV Sharma,0.0
G Gambhir,MM Sharma,0.0
G Gambhir,CH Morris,0.0
G Gambhir,SK Raina,0.0
G Gambhir,RA Tripathi,0.0
G Gambhir,JJ Bumrah,0.0
G Gambhir,A Nehra,0.0
G Gambhir,JP Faulkner,0.0
LH Ferguson,AJ Tye,0.0
IR Jaggi,KH Pandya,0.0
IR Jaggi,S Kaul,0.0
IR Jaggi,CJ Jordan,0.0
IR Jaggi,MG Johnson,0.18627434284217054
IR Jaggi,SL Malinga,0.0
IR Jaggi,Rashid Khan,0.0
IR Jaggi,Bipul Sharma,0.0
IR Jaggi,KV Sharma,0.0
IR Jaggi,JJ Bumrah,0.0003129914714849304
MJ Guptill,UT Yadav,0.0
MJ Guptill,B Kumar,0.0
MJ Guptill,C de Grandhomme,0.0
MJ Guptill,A Choudhary,0.0
MJ Guptill,K Rabada,0.0
MJ Guptill,S Nadeem,0.0
MJ Guptill,A Mishra,0.0
MJ Guptill,SL Malinga,0.0
MJ Guptill,S Aravind,0.0
MJ Guptill,PJ Sangwan,0.0
MJ Guptill,SP Narine,0.0
MJ Guptill,HH Pandya,0.0
MJ Guptill,JD Unadkat,0.0
MJ Guptill,MJ McClenaghan,0.0
MJ Guptill,KV Sharma,0.0
MJ Guptill,CH Morris,0.0
MJ Guptill,Mohammed Shami,0.0
MJ Guptill,JJ Bumrah,0.0
MJ Guptill,A Nehra,0.0
LMP Simmons,PJ Cummins,0.0
LMP Simmons,UT Yadav,0.0
LMP Simmons,AR Patel,0.0
LMP Simmons,LH Ferguson,0.0
LMP Simmons,B Kumar,0.0
LMP Simmons,K Rabada,0.0
LMP Simmons,I Sharma,0.0
LMP Simmons,A Mishra,0.0
LMP Simmons,TA Boult,0.0
LMP Simmons,PP Chawla,0.0
LMP Simmons,Mohammad Nabi,0.0
LMP Simmons,GJ Maxwell,0.0
LMP Simmons,Washington Sundar,0.0
LMP Simmons,MJ Henry,0.0
LMP Simmons,JD Unadkat,0.0
LMP Simmons,Z Khan,0.0
LMP Simmons,CJ Anderson,0.0
LMP Simmons,Sandeep Sharma,0.0
LMP Simmons,MM Sharma,0.0
LMP Simmons,Mohammed Shami,0.0
N Rana,Ankit Soni,0.0
N Rana,BA Stokes,0.0
N Rana,PJ Cummins,0.0
N Rana,P Kumar,0.0
N Rana,TS Mills,9.307869103736451e-13
N Rana,AR Patel,0.0
N Rana,B Kumar,-2.6463986230323243e-20
N Rana,SN Thakur,3.216986646539805e-14
N Rana,Basil Thampi,0.0
N Rana,A Choudhary,0.0
N Rana,Imran Tahir,0.0
N Rana,BCJ Cutting,0.0
N Rana,S Kaul,0.0
N Rana,I Sharma,-2.0226072221717742e-13
N Rana,A Mishra,-8.890954314158545e-14
N Rana,MP Stoinis,0.0
N Rana,A Zampa,0.0
N Rana,TA Boult,0.0
N Rana,Rashid Khan,0.0
N Rana,YS Chahal,2.0448841580064044e-15
N Rana,R Bhatia,0.0
N Rana,DJ Hooda,0.0
N Rana,MM Patel,0.0
N Rana,Mohammad Nabi,2.480656007682033e-16
N Rana,GJ Maxwell,0.0
N Rana,S Aravind,0.0
N Rana,Washington Sundar,0.0
N Rana,Swapnil Singh,0.0
N Rana,SR Watson,9.062706204468513e-17
N Rana,AF Milne,0.0
N Rana,SP Narine,2.0296843075907957e-30
N Rana,AS Rajpoot,0.0
N Rana,DT Christian,0.0
N Rana,S Badree,0.0
N Rana,CR Woakes,0.0
N Rana,AJ Tye,0.0
N Rana,Mohammed Siraj,5.239263505966396e-16
N Rana,P Negi,0.0
N Rana,Z Khan,3.7130926214450825e-19
N Rana,Kuldeep Yadav,-1.5222764976774229e-15
N Rana,R Tewatia,0.0
N Rana,RA Jadeja,3.085541128543416e-21
N Rana,Sandeep Sharma,1.1357422058551445e-12
N Rana,MM Sharma,0.0
N Rana,CH Morris,1.447986806557845e-12
N Rana,SK Raina,0.0
N Rana,Mustafizur Rahman,0.0
N Rana,A Nehra,-1.3376680418504308e-13
STR Binny,BA Stokes,0.0
STR Binny,PJ Cummins,0.0
STR Binny,UT Yadav,-3.1177692524290714e-21
STR Binny,AR Patel,0.0
STR Binny,LH Ferguson,0.0
STR Binny,B Kumar,-5.7562960506587005e-12
STR Binny,SN Thakur,-5.566156099098363e-05
STR Binny,BCJ Cutting,0.0
STR Binny,S Nadeem,0.0
STR Binny,MP Stoinis,0.0
STR Binny,Rashid Khan,0.0
STR Binny,CR Brathwaite,0.0
STR Binny,Washington Sundar,0.0
STR Binny,DT Christian,0.0
STR Binny,Bipul Sharma,0.0
STR Binny,VR Aaron,0.0
STR Binny,JD Unadkat,5.273408850434424e-13
STR Binny,CR Woakes,0.0
STR Binny,MJ McClenaghan,0.0
STR Binny,Z Khan,2.817512974460588e-10
STR Binny,Sandeep Sharma,6.837167180566255e-05
STR Binny,NM Coulter-Nile,0.0
STR Binny,MM Sharma,0.0
STR Binny,JJ Bumrah,0.00044337285554060145
DR Smith,BA Stokes,0.0
DR Smith,UT Yadav,0.0
DR Smith,AR Patel,0.0
DR Smith,LH Ferguson,0.0
DR Smith,B Kumar,0.0
DR Smith,T Natarajan,0.0
DR Smith,SN Thakur,0.0
DR Smith,Imran Tahir,0.0
DR Smith,BCJ Cutting,0.0
DR Smith,S Nadeem,0.0
DR Smith,S Kaul,0.0
DR Smith,Rashid Khan,0.0
DR Smith,YS Chahal,0.0
DR Smith,Mohammad Nabi,0.0
DR Smith,GJ Maxwell,0.0
DR Smith,MC Henriques,0.0
DR Smith,Bipul Sharma,0.0
DR Smith,VR Aaron,0.0
DR Smith,RD Chahar,0.0
DR Smith,Mohammed Siraj,0.0
DR Smith,MJ McClenaghan,0.0
DR Smith,P Negi,0.0
DR Smith,Z Khan,0.0
DR Smith,Kuldeep Yadav,0.0
DR Smith,Sandeep Sharma,0.0
DR Smith,MM Sharma,0.0
DR Smith,Ankit Sharma,0.0
DR Smith,Mohammed Shami,0.0
DR Smith,A Nehra,0.0
GJ Maxwell,BA Stokes,0.0
GJ Maxwell,TS Mills,0.0
GJ Maxwell,KH Pandya,0.0
GJ Maxwell,UT Yadav,0.0
GJ Maxwell,B Kumar,0.0
GJ Maxwell,BB Sran,0.0
GJ Maxwell,C de Grandhomme,0.0
GJ Maxwell,SN Thakur,0.0
GJ Maxwell,Basil Thampi,0.0
GJ Maxwell,Imran Tahir,0.0
GJ Maxwell,S Kaul,0.0
GJ Maxwell,A Mishra,0.0
GJ Maxwell,SL Malinga,0.0
GJ Maxwell,YS Chahal,0.0
GJ Maxwell,R Bhatia,0.0
GJ Maxwell,Harbhajan Singh,0.0
GJ Maxwell,PP Chawla,0.0
GJ Maxwell,PJ Sangwan,0.0
GJ Maxwell,B Stanlake,0.0
GJ Maxwell,SR Watson,0.0
GJ Maxwell,SP Narine,0.0
GJ Maxwell,SS Agarwal,0.0
GJ Maxwell,AS Rajpoot,0.0
GJ Maxwell,CR Woakes,0.0
GJ Maxwell,RD Chahar,0.0
GJ Maxwell,AJ Tye,0.0
GJ Maxwell,MJ McClenaghan,0.0
GJ Maxwell,P Negi,0.0
GJ Maxwell,Kuldeep Yadav,0.0
GJ Maxwell,AB Dinda,0.0
GJ Maxwell,RA Jadeja,0.0
GJ Maxwell,KV Sharma,0.0
GJ Maxwell,JJ Bumrah,0.0
GJ Maxwell,A Nehra,0.0
GJ Maxwell,JP Faulkner,0.0
AJ Tye,KH Pandya,0.0
AJ Tye,AR Patel,0.0
AJ Tye,KC Cariappa,0.0
AJ Tye,AF Milne,0.0
AJ Tye,TM Head,0.0
AJ Tye,MJ McClenaghan,0.0
AJ Tye,Sandeep Sharma,0.0
AJ Tye,MM Sharma,0.0
AJ Tye,JJ Bumrah,0.0
CR Woakes,PJ Cummins,0.0
CR Woakes,TS Mills,0.0
CR Woakes,B Kumar,0.0
CR Woakes,S Kaul,0.0
CR Woakes,A Mishra,0.0
CR Woakes,SL Malinga,0.0
CR Woakes,YS Chahal,0.0
CR Woakes,S Aravind,0.0
CR Woakes,DT Christian,0.0
CR Woakes,JD Unadkat,0.0
CR Woakes,P Negi,0.0
CR Woakes,Sandeep Sharma,0.0
CR Woakes,MM Sharma,0.0
CR Woakes,CH Morris,0.0
CR Woakes,JJ Bumrah,0.0
S Aravind,BA Stokes,0.0
S Aravind,LH Ferguson,0.0
S Aravind,B Kumar,0.0
S Aravind,C de Grandhomme,0.0
S Aravind,Basil Thampi,0.0
S Aravind,Imran Tahir,0.0
S Aravind,GJ Maxwell,0.0
S Aravind,DT Christian,0.0
S Aravind,VR Aaron,0.0
S Aravind,JD Unadkat,0.0
S Aravind,CR Woakes,0.0
S Aravind,AJ Tye,0.0
S Aravind,RA Jadeja,0.0
S Aravind,A Nehra,0.0
S Aravind,JP Faulkner,0.0
DS Kulkarni,A Nehra,0.0
AF Milne,BA Stokes,0.0
AF Milne,SN Thakur,0.0
AF Milne,Imran Tahir,0.0
AF Milne,JD Unadkat,0.0
AF Milne,MJ McClenaghan,0.0
AT Rayudu,BA Stokes,0.0
AT Rayudu,UT Yadav,0.0
AT Rayudu,LH Ferguson,0.0
AT Rayudu,SN Thakur,0.0
AT Rayudu,Imran Tahir,0.0
AT Rayudu,A Zampa,0.0
AT Rayudu,TA Boult,0.0
AT Rayudu,R Bhatia,0.0
AT Rayudu,PP Chawla,0.0
AT Rayudu,Washington Sundar,0.0
AT Rayudu,SP Narine,0.0
AT Rayudu,AS Rajpoot,0.0
AT Rayudu,JD Unadkat,0.0
AT Rayudu,Kuldeep Yadav,0.0
AT Rayudu,NM Coulter-Nile,0.0
A Zampa,A Mishra,0.0
A Zampa,Z Khan,0.0
RR Pant,Ankit Soni,0.0
RR Pant,BA Stokes,0.0
RR Pant,Avesh Khan,0.0
RR Pant,TS Mills,0.0
RR Pant,UT Yadav,0.0
RR Pant,AR Patel,0.0
RR Pant,HV Patel,0.0
RR Pant,SN Thakur,0.0
RR Pant,Basil Thampi,0.0
RR Pant,Imran Tahir,0.0
RR Pant,S Kaul,0.0
RR Pant,KC Cariappa,0.0
RR Pant,A Zampa,0.0
RR Pant,SL Malinga,0.0
RR Pant,Rashid Khan,0.0
RR Pant,YS Chahal,0.0
RR Pant,R Bhatia,0.0
RR Pant,GJ Maxwell,0.0
RR Pant,Washington Sundar,0.0
RR Pant,PJ Sangwan,0.0
RR Pant,B Stanlake,0.0
RR Pant,SR Watson,0.0
RR Pant,SP Narine,0.0
RR Pant,DR Smith,0.0
RR Pant,MC Henriques,0.0
RR Pant,DT Christian,0.0
RR Pant,VR Aaron,0.0
RR Pant,JD Unadkat,0.0
RR Pant,Iqbal Abdulla,0.0
RR Pant,Mohammed Siraj,0.0
RR Pant,TM Head,0.0
RR Pant,P Negi,0.0
RR Pant,Kuldeep Yadav,0.0
RR Pant,RA Jadeja,0.0
RR Pant,Yuvraj Singh,0.0
RR Pant,NM Coulter-Nile,0.0
RR Pant,MM Sharma,0.0
RR Pant,SK Raina,0.0
RR Pant,JJ Bumrah,0.0
RR Pant,JP Faulkner,0.0
BA Stokes,Ankit Soni,0.0
BA Stokes,PJ Cummins,0.0
BA Stokes,AR Patel,0.0
BA Stokes,B Kumar,0.0
BA Stokes,T Natarajan,0.0
BA Stokes,KA Pollard,0.0
BA Stokes,Basil Thampi,0.0
BA Stokes,S Nadeem,0.0
BA Stokes,S Kaul,0.0
BA Stokes,A Mishra,0.0
BA Stokes,MP Stoinis,0.0
BA Stokes,MG Johnson,0.0
BA Stokes,Rashid Khan,0.0
BA Stokes,S Aravind,0.0
BA Stokes,Swapnil Singh,0.0
BA Stokes,PJ Sangwan,0.0
BA Stokes,MN Samuels,0.0
BA Stokes,AF Milne,0.0
BA Stokes,SP Narine,0.0
BA Stokes,DR Smith,0.0
BA Stokes,TG Southee,0.0
BA Stokes,MC Henriques,0.0
BA Stokes,Bipul Sharma,0.0
BA Stokes,HH Pandya,0.0
BA Stokes,CR Woakes,0.0
BA Stokes,AJ Tye,0.0
BA Stokes,Mohammed Siraj,0.0
BA Stokes,MJ McClenaghan,0.0
BA Stokes,Z Khan,0.0
BA Stokes,Kuldeep Yadav,0.0
BA Stokes,RA Jadeja,0.0
BA Stokes,MM Sharma,0.0
BA Stokes,SK Raina,0.0
BA Stokes,Mohammed Shami,0.0
BA Stokes,JJ Bumrah,0.0
BA Stokes,JP Faulkner,0.0
Anureet Singh,B Kumar,0.0
Anureet Singh,S Kaul,0.0
Anureet Singh,A Nehra,0.0
Kuldeep Yadav,TS Mills,0.0
Kuldeep Yadav,MG Johnson,0.0
Kuldeep Yadav,S Aravind,0.0
Kuldeep Yadav,TG Southee,0.0
Kuldeep Yadav,HH Pandya,0.0
Kuldeep Yadav,P Negi,0.0
C de Grandhomme,BA Stokes,0.0
C de Grandhomme,KH Pandya,0.0
C de Grandhomme,B Kumar,0.0
C de Grandhomme,SN Thakur,0.0
C de Grandhomme,A Choudhary,0.0
C de Grandhomme,Imran Tahir,0.0
C de Grandhomme,S Kaul,0.0
C de Grandhomme,MG Johnson,0.0
C de Grandhomme,YS Chahal,0.0
C de Grandhomme,DT Christian,0.0
C de Grandhomme,S Badree,0.0
C de Grandhomme,MJ Henry,0.0
C de Grandhomme,HH Pandya,0.0
C de Grandhomme,JD Unadkat,0.0
C de Grandhomme,Mohammed Siraj,0.0
C de Grandhomme,TM Head,0.0
C de Grandhomme,P Negi,0.0
C de Grandhomme,Z Khan,0.0
C de Grandhomme,Sandeep Sharma,0.0
C de Grandhomme,KV Sharma,0.0
C de Grandhomme,MM Sharma,0.0
C de Grandhomme,A Nehra,0.0
C de Grandhomme,R Vinay Kumar,0.0
CA Lynn,P Kumar,0.0
CA Lynn,KH Pandya,0.0
CA Lynn,AR Patel,0.0
CA Lynn,B Kumar,0.0
CA Lynn,DS Kulkarni,0.0
CA Lynn,A Choudhary,0.0
CA Lynn,MS Gony,0.0
CA Lynn,MG Johnson,0.0
CA Lynn,SL Malinga,0.0
CA Lynn,YS Chahal,0.0
CA Lynn,S Kaushik,0.0
CA Lynn,Swapnil Singh,0.0
CA Lynn,DR Smith,0.0
CA Lynn,TG Southee,0.0
CA Lynn,S Badree,0.0
CA Lynn,MJ Henry,0.0
CA Lynn,SB Jakati,0.0
CA Lynn,MJ McClenaghan,0.0
CA Lynn,P Negi,0.0
CA Lynn,R Tewatia,0.0
CA Lynn,Sandeep Sharma,0.0
CA Lynn,KV Sharma,0.0
CA Lynn,MM Sharma,0.0
CA Lynn,JJ Bumrah,0.0
CA Lynn,R Vinay Kumar,0.0
MN Samuels,BA Stokes,0.0
MN Samuels,HV Patel,0.0
MN Samuels,SN Thakur,0.0
MN Samuels,A Zampa,0.0
MN Samuels,Harbhajan Singh,0.0
MN Samuels,Washington Sundar,0.0
MN Samuels,DT Christian,0.0
MN Samuels,RA Jadeja,0.0
MN Samuels,KV Sharma,0.0
MN Samuels,JP Faulkner,0.0
DA Miller,BA Stokes,0.0
DA Miller,PJ Cummins,0.0
DA Miller,UT Yadav,0.0
DA Miller,C de Grandhomme,0.0
DA Miller,Imran Tahir,0.0
DA Miller,A Mishra,0.0
DA Miller,TA Boult,0.0
DA Miller,Rashid Khan,0.0
DA Miller,R Bhatia,0.0
DA Miller,PP Chawla,0.0
DA Miller,Mohammad Nabi,0.0
DA Miller,SP Narine,0.0
DA Miller,RD Chahar,0.0
DA Miller,AB Dinda,0.0
DA Miller,CJ Anderson,0.0
DA Miller,CH Morris,0.0
PP Chawla,MG Johnson,0.0
PP Chawla,HH Pandya,0.0
PP Chawla,KV Sharma,0.0
SP Narine,P Kumar,0.0
SP Narine,TS Mills,0.0
SP Narine,B Kumar,0.0
SP Narine,SN Thakur,0.0
SP Narine,Basil Thampi,0.0
SP Narine,A Choudhary,0.0
SP Narine,K Rabada,0.0
SP Narine,I Sharma,0.0
SP Narine,A Mishra,0.0
SP Narine,MG Johnson,0.0
SP Narine,SL Malinga,0.0
SP Narine,GJ Maxwell,0.0
SP Narine,S Aravind,0.0
SP Narine,Washington Sundar,0.0
SP Narine,TG Southee,0.0
SP Narine,S Badree,0.0
SP Narine,VR Aaron,0.0
SP Narine,MJ Henry,0.0
SP Narine,JD Unadkat,0.0
SP Narine,Mohammed Siraj,0.0
SP Narine,MJ McClenaghan,0.0
SP Narine,Z Khan,0.0
SP Narine,STR Binny,0.0
SP Narine,Sandeep Sharma,0.0
SP Narine,KV Sharma,0.0
SP Narine,MM Sharma,0.0
SP Narine,SK Raina,0.0
SP Narine,JJ Bumrah,0.0
SP Narine,A Nehra,0.0
SP Narine,JP Faulkner,0.0
MM Sharma,BA Stokes,0.0
MM Sharma,PJ Cummins,0.0
MM Sharma,UT Yadav,0.0
MM Sharma,B Kumar,0.0
MM Sharma,BB Sran,0.0
MM Sharma,Basil Thampi,0.0
MM Sharma,A Choudhary,0.0
MM Sharma,A Zampa,0.0
MM Sharma,TA Boult,0.0
MM Sharma,Rashid Khan,0.0
MM Sharma,SR Watson,0.0
MM Sharma,DR Smith,0.0
MM Sharma,DT Christian,0.0
MM Sharma,CR Woakes,0.0
MM Sharma,Z Khan,0.0
MM Sharma,CJ Anderson,0.0
MM Sharma,CH Morris,0.0
MM Sharma,A Nehra,0.0
KS Williamson,BA Stokes,0.0
KS Williamson,AD Mathews,0.0
KS Williamson,PJ Cummins,0.0
KS Williamson,UT Yadav,0.0
KS Williamson,AR Patel,0.0
KS Williamson,Imran Tahir,0.0
KS Williamson,I Sharma,0.0
KS Williamson,A Mishra,0.0
KS Williamson,KC Cariappa,0.0
KS Williamson,PP Chawla,0.0
KS Williamson,GJ Maxwell,0.0
KS Williamson,J Yadav,0.0
KS Williamson,SP Narine,0.0
KS Williamson,DT Christian,0.0
KS Williamson,CR Woakes,0.0
KS Williamson,Z Khan,0.0
KS Williamson,Kuldeep Yadav,0.0
KS Williamson,NM Coulter-Nile,0.0
KS Williamson,MM Sharma,0.0
KS Williamson,CH Morris,0.0
KS Williamson,Mohammed Shami,0.0
KS Williamson,YK Pathan,0.0
BCJ Cutting,TS Mills,0.0
BCJ Cutting,SL Malinga,0.0
BCJ Cutting,TA Boult,0.0
BCJ Cutting,SR Watson,0.0
BCJ Cutting,SP Narine,0.0
BCJ Cutting,HH Pandya,0.0
BCJ Cutting,CR Woakes,0.0
BCJ Cutting,MJ McClenaghan,0.0
BCJ Cutting,JJ Bumrah,0.0
Swapnil Singh,A Zampa,0.0
Swapnil Singh,DT Christian,0.0
Swapnil Singh,JD Unadkat,0.0
Swapnil Singh,CR Woakes,0.0
Swapnil Singh,Kuldeep Yadav,0.0
KH Pandya,BA Stokes,0.0
KH Pandya,PJ Cummins,0.0
KH Pandya,TS Mills,-9.605462810861887e-06
KH Pandya,UT Yadav,-1.9208703628752856e-22
KH Pandya,LH Ferguson,0.0
KH Pandya,B Kumar,-2.2107594551952325e-11
KH Pandya,SN Thakur,-1.2486412231151912e-05
KH Pandya,Basil Thampi,0.0
KH Pandya,K Rabada,-4.0589419642717006e-07
KH Pandya,BCJ Cutting,0.0
KH Pandya,IK Pathan,0.0
KH Pandya,A Mishra,-8.290813318101442e-06
KH Pandya,A Zampa,0.0
KH Pandya,TA Boult,0.0
KH Pandya,Rashid Khan,0.0
KH Pandya,YS Chahal,-1.4258712613401947e-06
KH Pandya,R Bhatia,0.0
KH Pandya,PP Chawla,0.0
KH Pandya,S Aravind,0.0
KH Pandya,Washington Sundar,0.0
KH Pandya,SP Narine,-1.4313037965106557e-22
KH Pandya,AS Rajpoot,0.0
KH Pandya,DT Christian,0.0
KH Pandya,JD Unadkat,-2.8808646497981297e-13
KH Pandya,P Negi,0.0
KH Pandya,Z Khan,1.8967277582072848e-10
KH Pandya,Kuldeep Yadav,0.7244893772979542
KH Pandya,STR Binny,0.0
KH Pandya,NM Coulter-Nile,0.0
KH Pandya,A Nehra,-2.9645640892750347e-05
KH Pandya,JP Faulkner,0.0
CH Morris,BA Stokes,0.0
CH Morris,KH Pandya,0.0
CH Morris,AR Patel,0.0
CH Morris,B Kumar,0.0
CH Morris,S Kaul,0.0
CH Morris,MG Johnson,0.0
CH Morris,A Zampa,0.0
CH Morris,Harbhajan Singh,0.0
CH Morris,GJ Maxwell,0.0
CH Morris,B Stanlake,0.0
CH Morris,SR Watson,0.0
CH Morris,SP Narine,0.0
CH Morris,VR Aaron,0.0
CH Morris,HH Pandya,0.0
CH Morris,Iqbal Abdulla,0.0
CH Morris,CR Woakes,0.0
CH Morris,Mohammed Siraj,0.0
CH Morris,MJ McClenaghan,0.0
CH Morris,Kuldeep Yadav,0.0
CH Morris,Sandeep Sharma,0.0
CH Morris,NM Coulter-Nile,0.0
CH Morris,MM Sharma,0.0
CH Morris,JJ Bumrah,0.0
Vishnu Vinod,PJ Cummins,0.0
Vishnu Vinod,AR Patel,0.0
Vishnu Vinod,CR Brathwaite,0.0
Vishnu Vinod,Z Khan,0.0
Vishnu Vinod,Sandeep Sharma,0.0
Vishnu Vinod,MM Sharma,0.0
Vishnu Vinod,Mohammed Shami,0.0
AS Rajpoot,SL Malinga,0.0
AS Rajpoot,JJ Bumrah,0.0
MS Dhoni,Ankit Soni,0.0
MS Dhoni,PJ Cummins,0.0
MS Dhoni,KH Pandya,0.0
MS Dhoni,UT Yadav,0.0
MS Dhoni,B Kumar,0.0
MS Dhoni,KA Pollard,0.0
MS Dhoni,Basil Thampi,0.0
MS Dhoni,S Nadeem,0.0
MS Dhoni,S Kaul,0.0
MS Dhoni,A Mishra,0.0
MS Dhoni,MP Stoinis,0.0
MS Dhoni,MG Johnson,0.0
MS Dhoni,SL Malinga,0.0
MS Dhoni,Rashid Khan,0.0
MS Dhoni,YS Chahal,0.0
MS Dhoni,Harbhajan Singh,0.0
MS Dhoni,PP Chawla,0.0
MS Dhoni,S Aravind,0.0
MS Dhoni,Swapnil Singh,0.0
MS Dhoni,SR Watson,0.0
MS Dhoni,AF Milne,0.0
MS Dhoni,SP Narine,0.0
MS Dhoni,DR Smith,0.0
MS Dhoni,MC Henriques,0.0
MS Dhoni,S Badree,0.0
MS Dhoni,HH Pandya,0.0
MS Dhoni,SB Jakati,0.0
MS Dhoni,AJ Tye,0.0
MS Dhoni,Mohammed Siraj,0.0
MS Dhoni,MJ McClenaghan,0.0
MS Dhoni,P Negi,0.0
MS Dhoni,Kuldeep Yadav,0.0
MS Dhoni,CJ Anderson,0.0
MS Dhoni,RA Jadeja,0.0
MS Dhoni,KV Sharma,0.0
MS Dhoni,JJ Bumrah,0.0
MS Dhoni,JP Faulkner,0.0
YS Chahal,BA Stokes,0.0
YS Chahal,AR Patel,0.0
YS Chahal,LH Ferguson,0.0
YS Chahal,B Kumar,0.0
YS Chahal,C de Grandhomme,0.0
YS Chahal,BCJ Cutting,0.0
YS Chahal,DT Christian,0.0
YS Chahal,MM Sharma,0.0
YS Chahal,A Nehra,0.0
YS Chahal,JP Faulkner,0.0
P Kumar,B Kumar,0.0
P Kumar,BCJ Cutting,0.0
P Kumar,S Kaul,0.0
P Kumar,A Nehra,0.0
SE Marsh,Ankit Soni,0.0
SE Marsh,UT Yadav,0.0
SE Marsh,B Kumar,0.0
SE Marsh,C de Grandhomme,0.0
SE Marsh,SN Thakur,0.0
SE Marsh,Basil Thampi,0.0
SE Marsh,DS Kulkarni,0.0
SE Marsh,A Choudhary,0.0
SE Marsh,S Kaul,0.0
SE Marsh,SL Malinga,0.0
SE Marsh,Rashid Khan,0.0
SE Marsh,Harbhajan Singh,0.0
SE Marsh,DJ Hooda,0.0
SE Marsh,S Aravind,0.0
SE Marsh,PJ Sangwan,0.0
SE Marsh,SR Watson,0.0
SE Marsh,SP Narine,0.0
SE Marsh,SS Agarwal,0.0
SE Marsh,MC Henriques,0.0
SE Marsh,HH Pandya,0.0
SE Marsh,JD Unadkat,0.0
SE Marsh,CR Woakes,0.0
SE Marsh,NB Singh,0.0
SE Marsh,AJ Tye,0.0
SE Marsh,MJ McClenaghan,0.0
SE Marsh,P Negi,0.0
SE Marsh,RA Jadeja,0.0
SE Marsh,KV Sharma,0.0
SE Marsh,SK Raina,0.0
SE Marsh,A Nehra,0.0
SE Marsh,JP Faulkner,0.0
S Badree,Ankit Soni,0.0
S Badree,AR Patel,0.0
S Badree,Imran Tahir,0.0
S Badree,GJ Maxwell,0.0
S Badree,VR Aaron,0.0
S Badree,JD Unadkat,0.0
S Badree,CR Woakes,0.0
S Badree,RA Jadeja,0.0
S Badree,MM Sharma,0.0
IK Pathan,KH Pandya,0.0
IK Pathan,SL Malinga,0.0
UT Yadav,BA Stokes,0.0
UT Yadav,TS Mills,0.0
UT Yadav,SL Malinga,0.0
UT Yadav,TG Southee,0.0
UT Yadav,HH Pandya,0.0
UT Yadav,JJ Bumrah,0.0
CH Gayle,PJ Cummins,0.0
CH Gayle,UT Yadav,0.0
CH Gayle,B Kumar,0.0
CH Gayle,Basil Thampi,0.0
CH Gayle,DS Kulkarni,0.0
CH Gayle,BCJ Cutting,0.0
CH Gayle,S Nadeem,0.0
CH Gayle,A Mishra,0.0
CH Gayle,Harbhajan Singh,0.0
CH Gayle,DJ Hooda,0.0
CH Gayle,S Kaushik,0.0
CH Gayle,DR Smith,0.0
CH Gayle,TG Southee,0.0
CH Gayle,HH Pandya,0.0
CH Gayle,CR Woakes,0.0
CH Gayle,NB Singh,0.0
CH Gayle,AJ Tye,0.0
CH Gayle,MJ McClenaghan,0.0
CH Gayle,Z Khan,0.0
CH Gayle,CJ Anderson,0.0
CH Gayle,RA Jadeja,0.0
CH Gayle,Sandeep Sharma,0.0
CH Gayle,NM Coulter-Nile,0.0
CH Gayle,CH Morris,0.0
CH Gayle,Mohammed Shami,0.0
CH Gayle,JJ Bumrah,0.0
CH Gayle,A Nehra,0.0
Harbhajan Singh,PJ Cummins,0.0
Harbhajan Singh,B Kumar,0.0
Harbhajan Singh,Basil Thampi,0.0
Harbhajan Singh,K Rabada,0.0
Harbhajan Singh,AS Rajpoot,0.0
Harbhajan Singh,JD Unadkat,0.0
Harbhajan Singh,Sandeep Sharma,0.0
Harbhajan Singh,MM Sharma,0.0
Harbhajan Singh,Mustafizur Rahman,0.0
MK Tiwary,PJ Cummins,0.0
MK Tiwary,P Kumar,0.0
MK Tiwary,KH Pandya,0.0
MK Tiwary,AR Patel,0.0
MK Tiwary,B Kumar,0.0
MK Tiwary,T Natarajan,0.0
MK Tiwary,Basil Thampi,0.0
MK Tiwary,S Nadeem,0.0
MK Tiwary,S Kaul,0.0
MK Tiwary,A Mishra,0.0
MK Tiwary,MP Stoinis,0.0
MK Tiwary,MG Johnson,0.0
MK Tiwary,SL Malinga,0.0
MK Tiwary,Rashid Khan,0.0
MK Tiwary,YS Chahal,0.0
MK Tiwary,S Aravind,0.0
MK Tiwary,Swapnil Singh,0.0
MK Tiwary,MN Samuels,0.0
MK Tiwary,SR Watson,0.0
MK Tiwary,AF Milne,0.0
MK Tiwary,SP Narine,0.0
MK Tiwary,DR Smith,0.0
MK Tiwary,S Badree,0.0
MK Tiwary,HH Pandya,0.0
MK Tiwary,CR Woakes,0.0
MK Tiwary,SB Jakati,0.0
MK Tiwary,AJ Tye,0.0
MK Tiwary,Mohammed Siraj,0.0
MK Tiwary,MJ McClenaghan,0.0
MK Tiwary,P Negi,0.0
MK Tiwary,Z Khan,0.0
MK Tiwary,Kuldeep Yadav,0.0
MK Tiwary,CJ Anderson,0.0
MK Tiwary,STR Binny,0.0
MK Tiwary,RA Jadeja,0.0
MK Tiwary,Sandeep Sharma,0.0
MK Tiwary,KV Sharma,0.0
MK Tiwary,MM Sharma,0.0
MK Tiwary,SK Raina,0.0
MK Tiwary,Mohammed Shami,0.0
MK Tiwary,JJ Bumrah,0.0
VR Aaron,A Choudhary,0.0
VR Aaron,TA Boult,0.0
VR Aaron,CR Woakes,0.0
AB Dinda,PJ Cummins,0.0
AB Dinda,A Mishra,0.0
AB Dinda,Z Khan,0.0
Bipul Sharma,BA Stokes,0.0
Bipul Sharma,TA Boult,0.0
Bipul Sharma,JD Unadkat,0.0
Bipul Sharma,CR Woakes,0.0
Bipul Sharma,NM Coulter-Nile,0.0
DT Christian,PJ Cummins,0.0
DT Christian,UT Yadav,0.0
DT Christian,AR Patel,0.0
DT Christian,C de Grandhomme,0.0
DT Christian,Basil Thampi,0.0
DT Christian,S Kaul,0.0
DT Christian,MG Johnson,0.0
DT Christian,S Aravind,0.0
DT Christian,PJ Sangwan,0.0
DT Christian,CR Woakes,0.0
DT Christian,MJ McClenaghan,0.0
DT Christian,Kuldeep Yadav,0.0
DT Christian,Sandeep Sharma,0.0
DT Christian,MM Sharma,0.0
DT Christian,Mohammed Shami,0.0
DT Christian,JJ Bumrah,0.0
DT Christian,JP Faulkner,0.0
Washington Sundar,C de Grandhomme,0.0
Washington Sundar,S Kaul,0.0
Washington Sundar,MG Johnson,0.0
Washington Sundar,CR Woakes,0.0
Washington Sundar,Mohammed Shami,0.0
Washington Sundar,JJ Bumrah,0.0
TS Mills,B Kumar,0.0
TS Mills,C de Grandhomme,0.0
TS Mills,CR Woakes,0.0
TS Mills,CH Morris,0.0
Iqbal Abdulla,PJ Cummins,0.0
Iqbal Abdulla,CH Morris,0.0
AB de Villiers,Ankit Soni,0.0
AB de Villiers,BA Stokes,0.0
AB de Villiers,KH Pandya,0.0
AB de Villiers,UT Yadav,0.0
AB de Villiers,AR Patel,0.0
AB de Villiers,LH Ferguson,0.0
AB de Villiers,T Natarajan,0.0
AB de Villiers,SN Thakur,0.0
AB de Villiers,Basil Thampi,0.0
AB de Villiers,Imran Tahir,0.0
AB de Villiers,MP Stoinis,0.0
AB de Villiers,SL Malinga,0.0
AB de Villiers,SP Narine,0.0
AB de Villiers,DT Christian,0.0
AB de Villiers,VR Aaron,0.0
AB de Villiers,HH Pandya,0.0
AB de Villiers,JD Unadkat,0.0
AB de Villiers,CR Woakes,0.0
AB de Villiers,AJ Tye,0.0
AB de Villiers,MJ McClenaghan,0.0
AB de Villiers,RA Jadeja,0.0
AB de Villiers,Sandeep Sharma,0.0
AB de Villiers,NM Coulter-Nile,0.0
AB de Villiers,KV Sharma,0.0
AB de Villiers,MM Sharma,0.0
AB de Villiers,DL Chahar,0.0
AB de Villiers,JJ Bumrah,0.0
CR Brathwaite,Basil Thampi,0.0
CR Brathwaite,DS Kulkarni,0.0
CR Brathwaite,YS Chahal,0.0
CR Brathwaite,SR Watson,0.0
CR Brathwaite,RA Jadeja,0.0
SS Iyer,Avesh Khan,0.0
SS Iyer,UT Yadav,1.0557082141014438e-21
SS Iyer,AR Patel,0.0
SS Iyer,B Kumar,-1.5511507529602394e-12
SS Iyer,T Natarajan,-4.1795209720400256e-14
SS Iyer,HV Patel,0.0
SS Iyer,C de Grandhomme,0.0
SS Iyer,SN Thakur,1.6874332831922787e-05
SS Iyer,Basil Thampi,0.0
SS Iyer,DS Kulkarni,0.0
SS Iyer,S Kaul,0.0
SS Iyer,KC Cariappa,3.451697789009608e-05
SS Iyer,MG Johnson,0.00023700770088998176
SS Iyer,SL Malinga,0.0
SS Iyer,Rashid Khan,0.0
SS Iyer,YS Chahal,-2.468336261694966e-06
SS Iyer,PJ Sangwan,0.0
SS Iyer,SR Watson,-1.4424486234981346e-09
SS Iyer,SP Narine,8.436443124642556e-22
SS Iyer,DR Smith,0.0
SS Iyer,MC Henriques,0.0
SS Iyer,VR Aaron,0.0
SS Iyer,JD Unadkat,3.121682417848403e-14
SS Iyer,CR Woakes,0.0
SS Iyer,Mohammed Siraj,-6.590479690056885e-07
SS Iyer,TM Head,0.0
SS Iyer,MJ McClenaghan,0.0
SS Iyer,Kuldeep Yadav,-9.163634532120823e-07
SS Iyer,RA Jadeja,1.0699575543210093e-13
SS Iyer,Sandeep Sharma,0.0001743765394325522
SS Iyer,Yuvraj Singh,0.0
SS Iyer,NM Coulter-Nile,0.0
SS Iyer,MM Sharma,0.0
SS Iyer,JP Faulkner,0.0
Imran Tahir,A Mishra,0.0
Ankit Soni,B Kumar,0.0
Ankit Soni,S Kaul,0.0
Ankit Soni,JD Unadkat,0.0
Ankit Soni,MJ McClenaghan,0.0
Shakib Al Hasan,Basil Thampi,0.0
KA Pollard,BA Stokes,0.0
KA Pollard,PJ Cummins,0.0
KA Pollard,TS Mills,0.0
KA Pollard,UT Yadav,0.0
KA Pollard,AR Patel,0.0
KA Pollard,LH Ferguson,0.0
KA Pollard,B Kumar,0.0
KA Pollard,SN Thakur,0.0
KA Pollard,Basil Thampi,0.0
KA Pollard,K Rabada,0.0
KA Pollard,Imran Tahir,0.0
KA Pollard,S Kaul,0.0
KA Pollard,A Mishra,0.0
KA Pollard,A Zampa,0.0
KA Pollard,TA Boult,0.0
KA Pollard,Rashid Khan,0.0
KA Pollard,YS Chahal,0.0
KA Pollard,R Bhatia,0.0
KA Pollard,MM Patel,0.0
KA Pollard,S Aravind,0.0
KA Pollard,Washington Sundar,0.0
KA Pollard,AF Milne,0.0
KA Pollard,SP Narine,0.0
KA Pollard,DR Smith,0.0
KA Pollard,AS Rajpoot,0.0
KA Pollard,S Badree,0.0
KA Pollard,MJ Henry,0.0
KA Pollard,CR Woakes,0.0
KA Pollard,AJ Tye,0.0
KA Pollard,Mohammed Siraj,0.0
KA Pollard,P Negi,0.0
KA Pollard,Z Khan,0.0
KA Pollard,Kuldeep Yadav,0.0
KA Pollard,AB Dinda,0.0
KA Pollard,CJ Anderson,0.0
KA Pollard,R Tewatia,0.0
KA Pollard,STR Binny,0.0
KA Pollard,RA Jadeja,0.0
KA Pollard,Sandeep Sharma,0.0
KA Pollard,NM Coulter-Nile,0.0
KA Pollard,MM Sharma,0.0
KA Pollard,CH Morris,0.0
KA Pollard,Mohammed Shami,0.0
KA Pollard,Mustafizur Rahman,0.0
KA Pollard,A Nehra,0.0
KA Pollard,JP Faulkner,0.0
Basil Thampi,BA Stokes,0.0
Basil Thampi,B Kumar,0.0
Basil Thampi,T Natarajan,0.0
Basil Thampi,BCJ Cutting,0.0
Basil Thampi,AF Milne,0.0
Basil Thampi,JD Unadkat,0.0
Basil Thampi,MJ McClenaghan,0.0
Basil Thampi,Sandeep Sharma,0.0
Basil Thampi,MM Sharma,0.0
Basil Thampi,A Nehra,0.0
Mandeep Singh,Ankit Soni,0.0
Mandeep Singh,PJ Cummins,0.0
Mandeep Singh,UT Yadav,0.0
Mandeep Singh,AR Patel,0.0
Mandeep Singh,B Kumar,0.0
Mandeep Singh,T Natarajan,0.0
Mandeep Singh,C de Grandhomme,0.0
Mandeep Singh,SN Thakur,0.0
Mandeep Singh,S Nadeem,0.0
Mandeep Singh,MP Stoinis,0.0
Mandeep Singh,SL Malinga,0.0
Mandeep Singh,Rashid Khan,0.0
Mandeep Singh,PP Chawla,0.0
Mandeep Singh,GJ Maxwell,0.0
Mandeep Singh,SP Narine,0.0
Mandeep Singh,AS Rajpoot,0.0
Mandeep Singh,VR Aaron,0.0
Mandeep Singh,HH Pandya,0.0
Mandeep Singh,JD Unadkat,0.0
Mandeep Singh,CR Woakes,0.0
Mandeep Singh,AJ Tye,0.0
Mandeep Singh,MJ McClenaghan,0.0
Mandeep Singh,RA Jadeja,0.0
Mandeep Singh,Sandeep Sharma,0.0
Mandeep Singh,NM Coulter-Nile,0.0
Mandeep Singh,KV Sharma,0.0
Mandeep Singh,MM Sharma,0.0
Mandeep Singh,CH Morris,0.0
Mandeep Singh,A Nehra,0.0
Mandeep Singh,JP Faulkner,0.0
R Tewatia,BA Stokes,0.0
R Tewatia,SN Thakur,0.0
R Tewatia,AS Rajpoot,0.0
R Tewatia,CR Woakes,0.0
AD Mathews,B Kumar,0.0
AD Mathews,S Kaul,0.0
AD Mathews,Rashid Khan,0.0
AD Mathews,SP Narine,0.0
AD Mathews,MC Henriques,0.0
AD Mathews,Mohammed Siraj,0.0
AD Mathews,Kuldeep Yadav,0.0
JJ Roy,B Kumar,0.0
JJ Roy,SL Malinga,0.0
JJ Roy,TA Boult,0.0
JJ Roy,Rashid Khan,0.0
JJ Roy,PP Chawla,0.0
JJ Roy,SP Narine,0.0
JJ Roy,Bipul Sharma,0.0
JJ Roy,MJ McClenaghan,0.0
JJ Roy,JJ Bumrah,0.0
JJ Roy,A Nehra,0.0
V Kohli,BA Stokes,0.0
V Kohli,PJ Cummins,0.0
V Kohli,KH Pandya,0.0
V Kohli,UT Yadav,4.0758604412991603e-22
V Kohli,LH Ferguson,0.0
V Kohli,T Natarajan,-2.3710716983004577e-14
V Kohli,SN Thakur,6.405828059549996e-06
V Kohli,Basil Thampi,0.0
V Kohli,DS Kulkarni,0.0
V Kohli,Imran Tahir,0.0
V Kohli,S Nadeem,0.0
V Kohli,A Mishra,-1.824038024301881e-05
V Kohli,SL Malinga,0.0
V Kohli,Harbhajan Singh,1.3141815503704604e-13
V Kohli,S Kaushik,0.0
V Kohli,Washington Sundar,0.0
V Kohli,DR Smith,0.0
V Kohli,TG Southee,0.0
V Kohli,DT Christian,0.0
V Kohli,HH Pandya,-9.665647326676608e-07
V Kohli,JD Unadkat,1.243385949697586e-14
V Kohli,CR Woakes,0.0
V Kohli,NB Singh,0.0
V Kohli,AJ Tye,0.0
V Kohli,MJ McClenaghan,0.0
V Kohli,Z Khan,-8.788889734766409e-12
V Kohli,CJ Anderson,0.0
V Kohli,RA Jadeja,3.968734215671955e-14
V Kohli,Sandeep Sharma,5.3933760885739384e-05
V Kohli,NM Coulter-Nile,0.0
V Kohli,KV Sharma,0.0
V Kohli,DL Chahar,0.0
V Kohli,Mohammed Shami,0.0
V Kohli,JJ Bumrah,-1.4746564427684072e-05
