Mandeep Singh,A Nehra,0.04605010913394353
TM Head,A Nehra,-0.0025348336543974254
Mandeep Singh,A Nehra,0.04605010913394353
TM Head,A Nehra,-0.0025348336543974254
KM Jadhav,A Nehra,0.03789386280960558
SR Watson,A Nehra,0.18414192321971973
Sachin Baby,A Nehra,0.30430344392535386
SR Watson,A Nehra,0.18414192321971973
KM Jadhav,A Nehra,0.03789386280960558
STR Binny,A Nehra,0.012237740029929264
Mandeep Singh,A Nehra,0.04605010913394353
STR Binny,A Nehra,0.012237740029929264
SR Watson,A Nehra,0.18414192321971973
S Aravind,A Nehra,0.7486296394266581
SR Watson,A Nehra,0.18414192321971973
KM Jadhav,A Nehra,0.03789386280960558
TM Head,A Nehra,-0.0025348336543974254
Mandeep Singh,A Nehra,0.04605010913394353
TM Head,A Nehra,-0.0025348336543974254
KM Jadhav,A Nehra,0.03789386280960558
DA Warner,A Nehra,0.1112292540878219
S Dhawan,A Nehra,-0.07447756205996084
MC Henriques,A Nehra,-0.1101791391580898
Yuvraj Singh,A Nehra,-0.11007914650861766
DJ Hooda,A Nehra,0.5102481419147762
BCJ Cutting,A Nehra,-0.21057699230834304
NV Ojha,A Nehra,0.22909230195604507
Bipul Sharma,A Nehra,0.030210246250053863
B Kumar,A Nehra,-0.059775534793694185
AM Rahane,A Nehra,-0.08025879360887932
Rashid Khan,A Nehra,0.25910286770696167
Mandeep Singh,B Kumar,0.2086752279752343
TM Head,B Kumar,-0.023244641592944815
Mandeep Singh,B Kumar,0.2086752279752343
TM Head,B Kumar,-0.023244641592944815
KM Jadhav,B Kumar,0.07713981193878579
SR Watson,B Kumar,0.1271964134320497
Sachin Baby,B Kumar,-0.05944628275939337
SR Watson,B Kumar,0.1271964134320497
KM Jadhav,B Kumar,0.07713981193878579
STR Binny,B Kumar,0.2701715866188435
Mandeep Singh,B Kumar,0.2086752279752343
STR Binny,B Kumar,0.2701715866188435
SR Watson,B Kumar,0.1271964134320497
S Aravind,B Kumar,0.05726693167509689
SR Watson,B Kumar,0.1271964134320497
KM Jadhav,B Kumar,0.07713981193878579
TM Head,B Kumar,-0.023244641592944815
Mandeep Singh,B Kumar,0.2086752279752343
TM Head,B Kumar,-0.023244641592944815
KM Jadhav,B Kumar,0.07713981193878579
DA Warner,B Kumar,0.18261309051211183
S Dhawan,B Kumar,-0.14899941321571963
MC Henriques,B Kumar,-0.16239896691440828
Yuvraj Singh,B Kumar,-0.2130170916002978
DJ Hooda,B Kumar,0.3190285358748459
BCJ Cutting,B Kumar,0.21788238596588427
NV Ojha,B Kumar,0.12810660009841646
Bipul Sharma,B Kumar,-0.08568698411092446
B Kumar,B Kumar,-0.1786603612602228
AM Rahane,B Kumar,-0.03402487672315747
Rashid Khan,B Kumar,0.27054399654621664
Mandeep Singh,A Nehra,0.04605010913394353
TM Head,A Nehra,-0.0025348336543974254
Mandeep Singh,A Nehra,0.04605010913394353
TM Head,A Nehra,-0.0025348336543974254
KM Jadhav,A Nehra,0.03789386280960558
SR Watson,A Nehra,0.18414192321971973
Sachin Baby,A Nehra,0.30430344392535386
SR Watson,A Nehra,0.18414192321971973
KM Jadhav,A Nehra,0.03789386280960558
STR Binny,A Nehra,0.012237740029929264
Mandeep Singh,A Nehra,0.04605010913394353
STR Binny,A Nehra,0.012237740029929264
SR Watson,A Nehra,0.18414192321971973
S Aravind,A Nehra,0.7486296394266581
SR Watson,A Nehra,0.18414192321971973
KM Jadhav,A Nehra,0.03789386280960558
TM Head,A Nehra,-0.0025348336543974254
Mandeep Singh,A Nehra,0.04605010913394353
TM Head,A Nehra,-0.0025348336543974254
KM Jadhav,A Nehra,0.03789386280960558
DA Warner,A Nehra,0.1112292540878219
S Dhawan,A Nehra,-0.07447756205996084
MC Henriques,A Nehra,-0.1101791391580898
Yuvraj Singh,A Nehra,-0.11007914650861766
DJ Hooda,A Nehra,0.5102481419147762
BCJ Cutting,A Nehra,-0.21057699230834304
NV Ojha,A Nehra,0.22909230195604507
Bipul Sharma,A Nehra,0.030210246250053863
B Kumar,A Nehra,-0.059775534793694185
AM Rahane,A Nehra,-0.08025879360887932
Rashid Khan,A Nehra,0.25910286770696167
Mandeep Singh,B Kumar,0.2086752279752343
TM Head,B Kumar,-0.023244641592944815
Mandeep Singh,B Kumar,0.2086752279752343
TM Head,B Kumar,-0.023244641592944815
KM Jadhav,B Kumar,0.07713981193878579
SR Watson,B Kumar,0.1271964134320497
Sachin Baby,B Kumar,-0.05944628275939337
SR Watson,B Kumar,0.1271964134320497
KM Jadhav,B Kumar,0.07713981193878579
STR Binny,B Kumar,0.2701715866188435
Mandeep Singh,B Kumar,0.2086752279752343
STR Binny,B Kumar,0.2701715866188435
SR Watson,B Kumar,0.1271964134320497
S Aravind,B Kumar,0.05726693167509689
SR Watson,B Kumar,0.1271964134320497
KM Jadhav,B Kumar,0.07713981193878579
TM Head,B Kumar,-0.023244641592944815
Mandeep Singh,B Kumar,0.2086752279752343
TM Head,B Kumar,-0.023244641592944815
KM Jadhav,B Kumar,0.07713981193878579
DA Warner,B Kumar,0.18261309051211183
S Dhawan,B Kumar,-0.14899941321571963
MC Henriques,B Kumar,-0.16239896691440828
Yuvraj Singh,B Kumar,-0.2130170916002978
DJ Hooda,B Kumar,0.3190285358748459
BCJ Cutting,B Kumar,0.21788238596588427
NV Ojha,B Kumar,0.12810660009841646
Bipul Sharma,B Kumar,-0.08568698411092446
B Kumar,B Kumar,-0.1786603612602228
AM Rahane,B Kumar,-0.03402487672315747
Rashid Khan,B Kumar,0.27054399654621664
Mandeep Singh,BCJ Cutting,0.17865446610399344
TM Head,BCJ Cutting,0.0055591779964429405
Mandeep Singh,BCJ Cutting,0.17865446610399344
TM Head,BCJ Cutting,0.0055591779964429405
KM Jadhav,BCJ Cutting,-0.01418611454661639
SR Watson,BCJ Cutting,0.0362224908952794
Sachin Baby,BCJ Cutting,0.1476752176805018
SR Watson,BCJ Cutting,0.0362224908952794
KM Jadhav,BCJ Cutting,-0.01418611454661639
STR Binny,BCJ Cutting,-0.029788176505529673
Mandeep Singh,BCJ Cutting,0.17865446610399344
STR Binny,BCJ Cutting,-0.029788176505529673
SR Watson,BCJ Cutting,0.0362224908952794
S Aravind,BCJ Cutting,0.29993132585443016
SR Watson,BCJ Cutting,0.0362224908952794
KM Jadhav,BCJ Cutting,-0.01418611454661639
TM Head,BCJ Cutting,0.0055591779964429405
Mandeep Singh,BCJ Cutting,0.17865446610399344
TM Head,BCJ Cutting,0.0055591779964429405
KM Jadhav,BCJ Cutting,-0.01418611454661639
DA Warner,BCJ Cutting,-0.02933266749735751
S Dhawan,BCJ Cutting,0.017322376057993902
MC Henriques,BCJ Cutting,0.0019073376446538948
Yuvraj Singh,BCJ Cutting,0.011570596556211094
DJ Hooda,BCJ Cutting,0.010562768781183549
BCJ Cutting,BCJ Cutting,-0.12707756878156334
NV Ojha,BCJ Cutting,0.06036904613744676
Bipul Sharma,BCJ Cutting,0.02578596390617202
B Kumar,BCJ Cutting,0.022653467048609432
AM Rahane,BCJ Cutting,0.030025953145333413
Rashid Khan,BCJ Cutting,0.031972627189795044
Mandeep Singh,Rashid Khan,0.11684646120353345
TM Head,Rashid Khan,0.05086823919881983
Mandeep Singh,Rashid Khan,0.11684646120353345
TM Head,Rashid Khan,0.05086823919881983
KM Jadhav,Rashid Khan,0.055826983032242504
SR Watson,Rashid Khan,0.017819828861672146
Sachin Baby,Rashid Khan,0.02171315653596137
SR Watson,Rashid Khan,0.017819828861672146
KM Jadhav,Rashid Khan,0.055826983032242504
STR Binny,Rashid Khan,0.0662098570859098
Mandeep Singh,Rashid Khan,0.11684646120353345
STR Binny,Rashid Khan,0.0662098570859098
SR Watson,Rashid Khan,0.017819828861672146
S Aravind,Rashid Khan,-0.06320268889930072
SR Watson,Rashid Khan,0.017819828861672146
KM Jadhav,Rashid Khan,0.055826983032242504
TM Head,Rashid Khan,0.05086823919881983
Mandeep Singh,Rashid Khan,0.11684646120353345
TM Head,Rashid Khan,0.05086823919881983
KM Jadhav,Rashid Khan,0.055826983032242504
DA Warner,Rashid Khan,0.004160875849207889
S Dhawan,Rashid Khan,0.09330739313757482
MC Henriques,Rashid Khan,0.03920600752419713
Yuvraj Singh,Rashid Khan,0.10388363654076369
DJ Hooda,Rashid Khan,0.005918182171567844
BCJ Cutting,Rashid Khan,0.07332963396145428
NV Ojha,Rashid Khan,-0.000733650144355738
Bipul Sharma,Rashid Khan,0.012224444402542674
B Kumar,Rashid Khan,0.09012420387713183
AM Rahane,Rashid Khan,0.04676080197721347
Rashid Khan,Rashid Khan,0.09279694815234057
Mandeep Singh,DJ Hooda,-0.20548219345220178
TM Head,DJ Hooda,-0.014977923585136915
Mandeep Singh,DJ Hooda,-0.20548219345220178
TM Head,DJ Hooda,-0.014977923585136915
KM Jadhav,DJ Hooda,0.026892400312876832
SR Watson,DJ Hooda,0.09883204133030496
Sachin Baby,DJ Hooda,0.17777685999711823
SR Watson,DJ Hooda,0.09883204133030496
KM Jadhav,DJ Hooda,0.026892400312876832
STR Binny,DJ Hooda,-0.0006482568961787144
Mandeep Singh,DJ Hooda,-0.20548219345220178
STR Binny,DJ Hooda,-0.0006482568961787144
SR Watson,DJ Hooda,0.09883204133030496
S Aravind,DJ Hooda,0.2332807248804203
SR Watson,DJ Hooda,0.09883204133030496
KM Jadhav,DJ Hooda,0.026892400312876832
TM Head,DJ Hooda,-0.014977923585136915
Mandeep Singh,DJ Hooda,-0.20548219345220178
TM Head,DJ Hooda,-0.014977923585136915
KM Jadhav,DJ Hooda,0.026892400312876832
DA Warner,DJ Hooda,-0.003678425874688973
S Dhawan,DJ Hooda,0.2026665050971182
MC Henriques,DJ Hooda,0.1053131968239293
Yuvraj Singh,DJ Hooda,0.09549822419737777
DJ Hooda,DJ Hooda,0.2578098710817822
BCJ Cutting,DJ Hooda,0.1868479599843606
NV Ojha,DJ Hooda,0.067335063992635
Bipul Sharma,DJ Hooda,0.013157123289081363
B Kumar,DJ Hooda,-0.03765551766467133
AM Rahane,DJ Hooda,0.14554281423961232
Rashid Khan,DJ Hooda,0.16101616716999967
Mandeep Singh,Rashid Khan,0.11684646120353345
TM Head,Rashid Khan,0.05086823919881983
Mandeep Singh,Rashid Khan,0.11684646120353345
TM Head,Rashid Khan,0.05086823919881983
KM Jadhav,Rashid Khan,0.055826983032242504
SR Watson,Rashid Khan,0.017819828861672146
Sachin Baby,Rashid Khan,0.02171315653596137
SR Watson,Rashid Khan,0.017819828861672146
KM Jadhav,Rashid Khan,0.055826983032242504
STR Binny,Rashid Khan,0.0662098570859098
Mandeep Singh,Rashid Khan,0.11684646120353345
STR Binny,Rashid Khan,0.0662098570859098
SR Watson,Rashid Khan,0.017819828861672146
S Aravind,Rashid Khan,-0.06320268889930072
SR Watson,Rashid Khan,0.017819828861672146
KM Jadhav,Rashid Khan,0.055826983032242504
TM Head,Rashid Khan,0.05086823919881983
Mandeep Singh,Rashid Khan,0.11684646120353345
TM Head,Rashid Khan,0.05086823919881983
KM Jadhav,Rashid Khan,0.055826983032242504
DA Warner,Rashid Khan,0.004160875849207889
S Dhawan,Rashid Khan,0.09330739313757482
MC Henriques,Rashid Khan,0.03920600752419713
Yuvraj Singh,Rashid Khan,0.10388363654076369
DJ Hooda,Rashid Khan,0.005918182171567844
BCJ Cutting,Rashid Khan,0.07332963396145428
NV Ojha,Rashid Khan,-0.000733650144355738
Bipul Sharma,Rashid Khan,0.012224444402542674
B Kumar,Rashid Khan,0.09012420387713183
AM Rahane,Rashid Khan,0.04676080197721347
Rashid Khan,Rashid Khan,0.09279694815234057
Mandeep Singh,BCJ Cutting,0.17865446610399344
TM Head,BCJ Cutting,0.0055591779964429405
Mandeep Singh,BCJ Cutting,0.17865446610399344
TM Head,BCJ Cutting,0.0055591779964429405
KM Jadhav,BCJ Cutting,-0.01418611454661639
SR Watson,BCJ Cutting,0.0362224908952794
Sachin Baby,BCJ Cutting,0.1476752176805018
SR Watson,BCJ Cutting,0.0362224908952794
KM Jadhav,BCJ Cutting,-0.01418611454661639
STR Binny,BCJ Cutting,-0.029788176505529673
Mandeep Singh,BCJ Cutting,0.17865446610399344
STR Binny,BCJ Cutting,-0.029788176505529673
SR Watson,BCJ Cutting,0.0362224908952794
S Aravind,BCJ Cutting,0.29993132585443016
SR Watson,BCJ Cutting,0.0362224908952794
KM Jadhav,BCJ Cutting,-0.01418611454661639
TM Head,BCJ Cutting,0.0055591779964429405
Mandeep Singh,BCJ Cutting,0.17865446610399344
TM Head,BCJ Cutting,0.0055591779964429405
KM Jadhav,BCJ Cutting,-0.01418611454661639
DA Warner,BCJ Cutting,-0.02933266749735751
S Dhawan,BCJ Cutting,0.017322376057993902
MC Henriques,BCJ Cutting,0.0019073376446538948
Yuvraj Singh,BCJ Cutting,0.011570596556211094
DJ Hooda,BCJ Cutting,0.010562768781183549
BCJ Cutting,BCJ Cutting,-0.12707756878156334
NV Ojha,BCJ Cutting,0.06036904613744676
Bipul Sharma,BCJ Cutting,0.02578596390617202
B Kumar,BCJ Cutting,0.022653467048609432
AM Rahane,BCJ Cutting,0.030025953145333413
Rashid Khan,BCJ Cutting,0.031972627189795044
Mandeep Singh,MC Henriques,0.0636116953866272
TM Head,MC Henriques,0.00040174083324792664
Mandeep Singh,MC Henriques,0.0636116953866272
TM Head,MC Henriques,0.00040174083324792664
KM Jadhav,MC Henriques,0.016547306759104655
SR Watson,MC Henriques,-0.019979616893446323
Sachin Baby,MC Henriques,0.03193796891725113
SR Watson,MC Henriques,-0.019979616893446323
KM Jadhav,MC Henriques,0.016547306759104655
STR Binny,MC Henriques,0.00833683323960644
Mandeep Singh,MC Henriques,0.0636116953866272
STR Binny,MC Henriques,0.00833683323960644
SR Watson,MC Henriques,-0.019979616893446323
S Aravind,MC Henriques,-0.0551051120373985
SR Watson,MC Henriques,-0.019979616893446323
KM Jadhav,MC Henriques,0.016547306759104655
TM Head,MC Henriques,0.00040174083324792664
Mandeep Singh,MC Henriques,0.0636116953866272
TM Head,MC Henriques,0.00040174083324792664
KM Jadhav,MC Henriques,0.016547306759104655
DA Warner,MC Henriques,0.014597881681666265
S Dhawan,MC Henriques,0.027591167400798658
MC Henriques,MC Henriques,-0.03307355892513187
Yuvraj Singh,MC Henriques,0.008740127907213374
DJ Hooda,MC Henriques,-0.004333520233913896
BCJ Cutting,MC Henriques,-0.008172986671597049
NV Ojha,MC Henriques,-0.012883765876944231
Bipul Sharma,MC Henriques,-0.00674382133034819
B Kumar,MC Henriques,0.021360892573299012
AM Rahane,MC Henriques,0.0006917517158007234
Rashid Khan,MC Henriques,-0.004151014516637186
Mandeep Singh,A Nehra,0.04605010913394353
TM Head,A Nehra,-0.0025348336543974254
Mandeep Singh,A Nehra,0.04605010913394353
TM Head,A Nehra,-0.0025348336543974254
KM Jadhav,A Nehra,0.03789386280960558
SR Watson,A Nehra,0.18414192321971973
Sachin Baby,A Nehra,0.30430344392535386
SR Watson,A Nehra,0.18414192321971973
KM Jadhav,A Nehra,0.03789386280960558
STR Binny,A Nehra,0.012237740029929264
Mandeep Singh,A Nehra,0.04605010913394353
STR Binny,A Nehra,0.012237740029929264
SR Watson,A Nehra,0.18414192321971973
S Aravind,A Nehra,0.7486296394266581
SR Watson,A Nehra,0.18414192321971973
KM Jadhav,A Nehra,0.03789386280960558
TM Head,A Nehra,-0.0025348336543974254
Mandeep Singh,A Nehra,0.04605010913394353
TM Head,A Nehra,-0.0025348336543974254
KM Jadhav,A Nehra,0.03789386280960558
DA Warner,A Nehra,0.1112292540878219
S Dhawan,A Nehra,-0.07447756205996084
MC Henriques,A Nehra,-0.1101791391580898
Yuvraj Singh,A Nehra,-0.11007914650861766
DJ Hooda,A Nehra,0.5102481419147762
BCJ Cutting,A Nehra,-0.21057699230834304
NV Ojha,A Nehra,0.22909230195604507
Bipul Sharma,A Nehra,0.030210246250053863
B Kumar,A Nehra,-0.059775534793694185
AM Rahane,A Nehra,-0.08025879360887932
Rashid Khan,A Nehra,0.25910286770696167
Mandeep Singh,MC Henriques,0.0636116953866272
TM Head,MC Henriques,0.00040174083324792664
Mandeep Singh,MC Henriques,0.0636116953866272
TM Head,MC Henriques,0.00040174083324792664
KM Jadhav,MC Henriques,0.016547306759104655
SR Watson,MC Henriques,-0.019979616893446323
Sachin Baby,MC Henriques,0.03193796891725113
SR Watson,MC Henriques,-0.019979616893446323
KM Jadhav,MC Henriques,0.016547306759104655
STR Binny,MC Henriques,0.00833683323960644
Mandeep Singh,MC Henriques,0.0636116953866272
STR Binny,MC Henriques,0.00833683323960644
SR Watson,MC Henriques,-0.019979616893446323
S Aravind,MC Henriques,-0.0551051120373985
SR Watson,MC Henriques,-0.019979616893446323
KM Jadhav,MC Henriques,0.016547306759104655
TM Head,MC Henriques,0.00040174083324792664
Mandeep Singh,MC Henriques,0.0636116953866272
TM Head,MC Henriques,0.00040174083324792664
KM Jadhav,MC Henriques,0.016547306759104655
DA Warner,MC Henriques,0.014597881681666265
S Dhawan,MC Henriques,0.027591167400798658
MC Henriques,MC Henriques,-0.03307355892513187
Yuvraj Singh,MC Henriques,0.008740127907213374
DJ Hooda,MC Henriques,-0.004333520233913896
BCJ Cutting,MC Henriques,-0.008172986671597049
NV Ojha,MC Henriques,-0.012883765876944231
Bipul Sharma,MC Henriques,-0.00674382133034819
B Kumar,MC Henriques,0.021360892573299012
AM Rahane,MC Henriques,0.0006917517158007234
Rashid Khan,MC Henriques,-0.004151014516637186
Mandeep Singh,Rashid Khan,0.11684646120353345
TM Head,Rashid Khan,0.05086823919881983
Mandeep Singh,Rashid Khan,0.11684646120353345
TM Head,Rashid Khan,0.05086823919881983
KM Jadhav,Rashid Khan,0.055826983032242504
SR Watson,Rashid Khan,0.017819828861672146
Sachin Baby,Rashid Khan,0.02171315653596137
SR Watson,Rashid Khan,0.017819828861672146
KM Jadhav,Rashid Khan,0.055826983032242504
STR Binny,Rashid Khan,0.0662098570859098
Mandeep Singh,Rashid Khan,0.11684646120353345
STR Binny,Rashid Khan,0.0662098570859098
SR Watson,Rashid Khan,0.017819828861672146
S Aravind,Rashid Khan,-0.06320268889930072
SR Watson,Rashid Khan,0.017819828861672146
KM Jadhav,Rashid Khan,0.055826983032242504
TM Head,Rashid Khan,0.05086823919881983
Mandeep Singh,Rashid Khan,0.11684646120353345
TM Head,Rashid Khan,0.05086823919881983
KM Jadhav,Rashid Khan,0.055826983032242504
DA Warner,Rashid Khan,0.004160875849207889
S Dhawan,Rashid Khan,0.09330739313757482
MC Henriques,Rashid Khan,0.03920600752419713
Yuvraj Singh,Rashid Khan,0.10388363654076369
DJ Hooda,Rashid Khan,0.005918182171567844
BCJ Cutting,Rashid Khan,0.07332963396145428
NV Ojha,Rashid Khan,-0.000733650144355738
Bipul Sharma,Rashid Khan,0.012224444402542674
B Kumar,Rashid Khan,0.09012420387713183
AM Rahane,Rashid Khan,0.04676080197721347
Rashid Khan,Rashid Khan,0.09279694815234057
Mandeep Singh,Bipul Sharma,0.14934638849620618
TM Head,Bipul Sharma,0.1931290903328861
Mandeep Singh,Bipul Sharma,0.14934638849620618
TM Head,Bipul Sharma,0.1931290903328861
KM Jadhav,Bipul Sharma,-0.049434814923101845
SR Watson,Bipul Sharma,-0.02235401554076827
Sachin Baby,Bipul Sharma,0.2537780728091811
SR Watson,Bipul Sharma,-0.02235401554076827
KM Jadhav,Bipul Sharma,-0.049434814923101845
STR Binny,Bipul Sharma,0.028074627038736796
Mandeep Singh,Bipul Sharma,0.14934638849620618
STR Binny,Bipul Sharma,0.028074627038736796
SR Watson,Bipul Sharma,-0.02235401554076827
S Aravind,Bipul Sharma,0.03318776893660874
SR Watson,Bipul Sharma,-0.02235401554076827
KM Jadhav,Bipul Sharma,-0.049434814923101845
TM Head,Bipul Sharma,0.1931290903328861
Mandeep Singh,Bipul Sharma,0.14934638849620618
TM Head,Bipul Sharma,0.1931290903328861
KM Jadhav,Bipul Sharma,-0.049434814923101845
DA Warner,Bipul Sharma,-0.02989910006189444
S Dhawan,Bipul Sharma,-0.014152191583921503
MC Henriques,Bipul Sharma,-0.011877137133070197
Yuvraj Singh,Bipul Sharma,0.16985058268150077
DJ Hooda,Bipul Sharma,0.25365743606191127
BCJ Cutting,Bipul Sharma,0.3793568072708422
NV Ojha,Bipul Sharma,0.0704010943736757
Bipul Sharma,Bipul Sharma,0.022817771961562136
B Kumar,Bipul Sharma,0.1823167028767924
AM Rahane,Bipul Sharma,0.2877942199966649
Rashid Khan,Bipul Sharma,0.267921802634456
Mandeep Singh,Rashid Khan,0.11684646120353345
TM Head,Rashid Khan,0.05086823919881983
Mandeep Singh,Rashid Khan,0.11684646120353345
TM Head,Rashid Khan,0.05086823919881983
KM Jadhav,Rashid Khan,0.055826983032242504
SR Watson,Rashid Khan,0.017819828861672146
Sachin Baby,Rashid Khan,0.02171315653596137
SR Watson,Rashid Khan,0.017819828861672146
KM Jadhav,Rashid Khan,0.055826983032242504
STR Binny,Rashid Khan,0.0662098570859098
Mandeep Singh,Rashid Khan,0.11684646120353345
STR Binny,Rashid Khan,0.0662098570859098
SR Watson,Rashid Khan,0.017819828861672146
S Aravind,Rashid Khan,-0.06320268889930072
SR Watson,Rashid Khan,0.017819828861672146
KM Jadhav,Rashid Khan,0.055826983032242504
TM Head,Rashid Khan,0.05086823919881983
Mandeep Singh,Rashid Khan,0.11684646120353345
TM Head,Rashid Khan,0.05086823919881983
KM Jadhav,Rashid Khan,0.055826983032242504
DA Warner,Rashid Khan,0.004160875849207889
S Dhawan,Rashid Khan,0.09330739313757482
MC Henriques,Rashid Khan,0.03920600752419713
Yuvraj Singh,Rashid Khan,0.10388363654076369
DJ Hooda,Rashid Khan,0.005918182171567844
BCJ Cutting,Rashid Khan,0.07332963396145428
NV Ojha,Rashid Khan,-0.000733650144355738
Bipul Sharma,Rashid Khan,0.012224444402542674
B Kumar,Rashid Khan,0.09012420387713183
AM Rahane,Rashid Khan,0.04676080197721347
Rashid Khan,Rashid Khan,0.09279694815234057
Mandeep Singh,BCJ Cutting,0.17865446610399344
TM Head,BCJ Cutting,0.0055591779964429405
Mandeep Singh,BCJ Cutting,0.17865446610399344
TM Head,BCJ Cutting,0.0055591779964429405
KM Jadhav,BCJ Cutting,-0.01418611454661639
SR Watson,BCJ Cutting,0.0362224908952794
Sachin Baby,BCJ Cutting,0.1476752176805018
SR Watson,BCJ Cutting,0.0362224908952794
KM Jadhav,BCJ Cutting,-0.01418611454661639
STR Binny,BCJ Cutting,-0.029788176505529673
Mandeep Singh,BCJ Cutting,0.17865446610399344
STR Binny,BCJ Cutting,-0.029788176505529673
SR Watson,BCJ Cutting,0.0362224908952794
S Aravind,BCJ Cutting,0.29993132585443016
SR Watson,BCJ Cutting,0.0362224908952794
KM Jadhav,BCJ Cutting,-0.01418611454661639
TM Head,BCJ Cutting,0.0055591779964429405
Mandeep Singh,BCJ Cutting,0.17865446610399344
TM Head,BCJ Cutting,0.0055591779964429405
KM Jadhav,BCJ Cutting,-0.01418611454661639
DA Warner,BCJ Cutting,-0.02933266749735751
S Dhawan,BCJ Cutting,0.017322376057993902
MC Henriques,BCJ Cutting,0.0019073376446538948
Yuvraj Singh,BCJ Cutting,0.011570596556211094
DJ Hooda,BCJ Cutting,0.010562768781183549
BCJ Cutting,BCJ Cutting,-0.12707756878156334
NV Ojha,BCJ Cutting,0.06036904613744676
Bipul Sharma,BCJ Cutting,0.02578596390617202
B Kumar,BCJ Cutting,0.022653467048609432
AM Rahane,BCJ Cutting,0.030025953145333413
Rashid Khan,BCJ Cutting,0.031972627189795044
Mandeep Singh,B Kumar,0.2086752279752343
TM Head,B Kumar,-0.023244641592944815
Mandeep Singh,B Kumar,0.2086752279752343
TM Head,B Kumar,-0.023244641592944815
KM Jadhav,B Kumar,0.07713981193878579
SR Watson,B Kumar,0.1271964134320497
Sachin Baby,B Kumar,-0.05944628275939337
SR Watson,B Kumar,0.1271964134320497
KM Jadhav,B Kumar,0.07713981193878579
STR Binny,B Kumar,0.2701715866188435
Mandeep Singh,B Kumar,0.2086752279752343
STR Binny,B Kumar,0.2701715866188435
SR Watson,B Kumar,0.1271964134320497
S Aravind,B Kumar,0.05726693167509689
SR Watson,B Kumar,0.1271964134320497
KM Jadhav,B Kumar,0.07713981193878579
TM Head,B Kumar,-0.023244641592944815
Mandeep Singh,B Kumar,0.2086752279752343
TM Head,B Kumar,-0.023244641592944815
KM Jadhav,B Kumar,0.07713981193878579
DA Warner,B Kumar,0.18261309051211183
S Dhawan,B Kumar,-0.14899941321571963
MC Henriques,B Kumar,-0.16239896691440828
Yuvraj Singh,B Kumar,-0.2130170916002978
DJ Hooda,B Kumar,0.3190285358748459
BCJ Cutting,B Kumar,0.21788238596588427
NV Ojha,B Kumar,0.12810660009841646
Bipul Sharma,B Kumar,-0.08568698411092446
B Kumar,B Kumar,-0.1786603612602228
AM Rahane,B Kumar,-0.03402487672315747
Rashid Khan,B Kumar,0.27054399654621664
Mandeep Singh,A Nehra,0.04605010913394353
TM Head,A Nehra,-0.0025348336543974254
Mandeep Singh,A Nehra,0.04605010913394353
TM Head,A Nehra,-0.0025348336543974254
KM Jadhav,A Nehra,0.03789386280960558
SR Watson,A Nehra,0.18414192321971973
Sachin Baby,A Nehra,0.30430344392535386
SR Watson,A Nehra,0.18414192321971973
KM Jadhav,A Nehra,0.03789386280960558
STR Binny,A Nehra,0.012237740029929264
Mandeep Singh,A Nehra,0.04605010913394353
STR Binny,A Nehra,0.012237740029929264
SR Watson,A Nehra,0.18414192321971973
S Aravind,A Nehra,0.7486296394266581
SR Watson,A Nehra,0.18414192321971973
KM Jadhav,A Nehra,0.03789386280960558
TM Head,A Nehra,-0.0025348336543974254
Mandeep Singh,A Nehra,0.04605010913394353
TM Head,A Nehra,-0.0025348336543974254
KM Jadhav,A Nehra,0.03789386280960558
DA Warner,A Nehra,0.1112292540878219
S Dhawan,A Nehra,-0.07447756205996084
MC Henriques,A Nehra,-0.1101791391580898
Yuvraj Singh,A Nehra,-0.11007914650861766
DJ Hooda,A Nehra,0.5102481419147762
BCJ Cutting,A Nehra,-0.21057699230834304
NV Ojha,A Nehra,0.22909230195604507
Bipul Sharma,A Nehra,0.030210246250053863
B Kumar,A Nehra,-0.059775534793694185
AM Rahane,A Nehra,-0.08025879360887932
Rashid Khan,A Nehra,0.25910286770696167
Mandeep Singh,B Kumar,0.2086752279752343
TM Head,B Kumar,-0.023244641592944815
Mandeep Singh,B Kumar,0.2086752279752343
TM Head,B Kumar,-0.023244641592944815
KM Jadhav,B Kumar,0.07713981193878579
SR Watson,B Kumar,0.1271964134320497
Sachin Baby,B Kumar,-0.05944628275939337
SR Watson,B Kumar,0.1271964134320497
KM Jadhav,B Kumar,0.07713981193878579
STR Binny,B Kumar,0.2701715866188435
Mandeep Singh,B Kumar,0.2086752279752343
STR Binny,B Kumar,0.2701715866188435
SR Watson,B Kumar,0.1271964134320497
S Aravind,B Kumar,0.05726693167509689
SR Watson,B Kumar,0.1271964134320497
KM Jadhav,B Kumar,0.07713981193878579
TM Head,B Kumar,-0.023244641592944815
Mandeep Singh,B Kumar,0.2086752279752343
TM Head,B Kumar,-0.023244641592944815
KM Jadhav,B Kumar,0.07713981193878579
DA Warner,B Kumar,0.18261309051211183
S Dhawan,B Kumar,-0.14899941321571963
MC Henriques,B Kumar,-0.16239896691440828
Yuvraj Singh,B Kumar,-0.2130170916002978
DJ Hooda,B Kumar,0.3190285358748459
BCJ Cutting,B Kumar,0.21788238596588427
NV Ojha,B Kumar,0.12810660009841646
Bipul Sharma,B Kumar,-0.08568698411092446
B Kumar,B Kumar,-0.1786603612602228
AM Rahane,B Kumar,-0.03402487672315747
Rashid Khan,B Kumar,0.27054399654621664
Mandeep Singh,BCJ Cutting,0.17865446610399344
TM Head,BCJ Cutting,0.0055591779964429405
Mandeep Singh,BCJ Cutting,0.17865446610399344
TM Head,BCJ Cutting,0.0055591779964429405
KM Jadhav,BCJ Cutting,-0.01418611454661639
SR Watson,BCJ Cutting,0.0362224908952794
Sachin Baby,BCJ Cutting,0.1476752176805018
SR Watson,BCJ Cutting,0.0362224908952794
KM Jadhav,BCJ Cutting,-0.01418611454661639
STR Binny,BCJ Cutting,-0.029788176505529673
Mandeep Singh,BCJ Cutting,0.17865446610399344
STR Binny,BCJ Cutting,-0.029788176505529673
SR Watson,BCJ Cutting,0.0362224908952794
S Aravind,BCJ Cutting,0.29993132585443016
SR Watson,BCJ Cutting,0.0362224908952794
KM Jadhav,BCJ Cutting,-0.01418611454661639
TM Head,BCJ Cutting,0.0055591779964429405
Mandeep Singh,BCJ Cutting,0.17865446610399344
TM Head,BCJ Cutting,0.0055591779964429405
KM Jadhav,BCJ Cutting,-0.01418611454661639
DA Warner,BCJ Cutting,-0.02933266749735751
S Dhawan,BCJ Cutting,0.017322376057993902
MC Henriques,BCJ Cutting,0.0019073376446538948
Yuvraj Singh,BCJ Cutting,0.011570596556211094
DJ Hooda,BCJ Cutting,0.010562768781183549
BCJ Cutting,BCJ Cutting,-0.12707756878156334
NV Ojha,BCJ Cutting,0.06036904613744676
Bipul Sharma,BCJ Cutting,0.02578596390617202
B Kumar,BCJ Cutting,0.022653467048609432
AM Rahane,BCJ Cutting,0.030025953145333413
Rashid Khan,BCJ Cutting,0.031972627189795044
Mandeep Singh,TS Mills,-0.07555913040805937
TM Head,TS Mills,0.00207792929031575
Mandeep Singh,TS Mills,-0.07555913040805937
TM Head,TS Mills,0.00207792929031575
KM Jadhav,TS Mills,0.06161965805900515
SR Watson,TS Mills,0.04474801916555323
Sachin Baby,TS Mills,0.0017506903221400569
SR Watson,TS Mills,0.04474801916555323
KM Jadhav,TS Mills,0.06161965805900515
STR Binny,TS Mills,0.03319789179197421
Mandeep Singh,TS Mills,-0.07555913040805937
STR Binny,TS Mills,0.03319789179197421
SR Watson,TS Mills,0.04474801916555323
S Aravind,TS Mills,0.027237931241721136
SR Watson,TS Mills,0.04474801916555323
KM Jadhav,TS Mills,0.06161965805900515
TM Head,TS Mills,0.00207792929031575
Mandeep Singh,TS Mills,-0.07555913040805937
TM Head,TS Mills,0.00207792929031575
KM Jadhav,TS Mills,0.06161965805900515
DA Warner,TS Mills,0.01933325243774442
S Dhawan,TS Mills,0.1318164386604297
MC Henriques,TS Mills,0.06335807639317545
Yuvraj Singh,TS Mills,0.07592345760819577
DJ Hooda,TS Mills,0.05271004652586497
BCJ Cutting,TS Mills,0.0029448307099135124
NV Ojha,TS Mills,0.012080031748482822
Bipul Sharma,TS Mills,0.023032078208714397
B Kumar,TS Mills,0.04078138736687677
AM Rahane,TS Mills,-0.015863971118326357
Rashid Khan,TS Mills,0.0824306319356658
Mandeep Singh,A Choudhary,0.10874264788563953
TM Head,A Choudhary,0.10074354507187165
Mandeep Singh,A Choudhary,0.10874264788563953
TM Head,A Choudhary,0.10074354507187165
KM Jadhav,A Choudhary,-0.02172401905413403
SR Watson,A Choudhary,0.164869915762266
Sachin Baby,A Choudhary,0.17573428587011788
SR Watson,A Choudhary,0.164869915762266
KM Jadhav,A Choudhary,-0.02172401905413403
STR Binny,A Choudhary,0.19027465732070312
Mandeep Singh,A Choudhary,0.10874264788563953
STR Binny,A Choudhary,0.19027465732070312
SR Watson,A Choudhary,0.164869915762266
S Aravind,A Choudhary,0.5580242226178636
SR Watson,A Choudhary,0.164869915762266
KM Jadhav,A Choudhary,-0.02172401905413403
TM Head,A Choudhary,0.10074354507187165
Mandeep Singh,A Choudhary,0.10874264788563953
TM Head,A Choudhary,0.10074354507187165
KM Jadhav,A Choudhary,-0.02172401905413403
DA Warner,A Choudhary,0.19080897697364932
S Dhawan,A Choudhary,0.09152382978734783
MC Henriques,A Choudhary,0.033974871438433335
Yuvraj Singh,A Choudhary,-0.07127694521490059
DJ Hooda,A Choudhary,-0.07114325272385688
BCJ Cutting,A Choudhary,0.6526879794478071
NV Ojha,A Choudhary,0.4200970606015262
Bipul Sharma,A Choudhary,-0.019804962401251867
B Kumar,A Choudhary,-0.14303594183094068
AM Rahane,A Choudhary,0.23381343988778114
Rashid Khan,A Choudhary,0.8414763671420653
Mandeep Singh,YS Chahal,0.3051821480449732
TM Head,YS Chahal,-0.050691894693930956
Mandeep Singh,YS Chahal,0.3051821480449732
TM Head,YS Chahal,-0.050691894693930956
KM Jadhav,YS Chahal,0.02378794183363172
SR Watson,YS Chahal,0.04734192913896172
Sachin Baby,YS Chahal,0.06027705367994651
SR Watson,YS Chahal,0.04734192913896172
KM Jadhav,YS Chahal,0.02378794183363172
STR Binny,YS Chahal,0.11796374037985663
Mandeep Singh,YS Chahal,0.3051821480449732
STR Binny,YS Chahal,0.11796374037985663
SR Watson,YS Chahal,0.04734192913896172
S Aravind,YS Chahal,0.29071284077451315
SR Watson,YS Chahal,0.04734192913896172
KM Jadhav,YS Chahal,0.02378794183363172
TM Head,YS Chahal,-0.050691894693930956
Mandeep Singh,YS Chahal,0.3051821480449732
TM Head,YS Chahal,-0.050691894693930956
KM Jadhav,YS Chahal,0.02378794183363172
DA Warner,YS Chahal,0.035711662550307235
S Dhawan,YS Chahal,0.07723779576928394
MC Henriques,YS Chahal,0.013190421044633506
Yuvraj Singh,YS Chahal,0.008887986587238217
DJ Hooda,YS Chahal,0.057640691025355836
BCJ Cutting,YS Chahal,-0.03699712662410812
NV Ojha,YS Chahal,0.11082546010854147
Bipul Sharma,YS Chahal,0.038847118129055266
B Kumar,YS Chahal,0.004089961037288772
AM Rahane,YS Chahal,-0.00052287145882959
Rashid Khan,YS Chahal,0.21830856449829977
Mandeep Singh,S Aravind,0.11854495620511818
TM Head,S Aravind,0.07274607556415152
Mandeep Singh,S Aravind,0.11854495620511818
TM Head,S Aravind,0.07274607556415152
KM Jadhav,S Aravind,0.03533735651188746
SR Watson,S Aravind,-0.02632624138595347
Sachin Baby,S Aravind,-0.04540148305472523
SR Watson,S Aravind,-0.02632624138595347
KM Jadhav,S Aravind,0.03533735651188746
STR Binny,S Aravind,0.07963449065750305
Mandeep Singh,S Aravind,0.11854495620511818
STR Binny,S Aravind,0.07963449065750305
SR Watson,S Aravind,-0.02632624138595347
S Aravind,S Aravind,-0.14762691683341367
SR Watson,S Aravind,-0.02632624138595347
KM Jadhav,S Aravind,0.03533735651188746
TM Head,S Aravind,0.07274607556415152
Mandeep Singh,S Aravind,0.11854495620511818
TM Head,S Aravind,0.07274607556415152
KM Jadhav,S Aravind,0.03533735651188746
DA Warner,S Aravind,0.0413968019714568
S Dhawan,S Aravind,0.03664410360440473
MC Henriques,S Aravind,-0.029923858694032954
Yuvraj Singh,S Aravind,0.03784428682924948
DJ Hooda,S Aravind,-0.0840932169360621
BCJ Cutting,S Aravind,0.0709069833632267
NV Ojha,S Aravind,0.006720146778004591
Bipul Sharma,S Aravind,0.003689877240438757
B Kumar,S Aravind,0.10033623931195519
AM Rahane,S Aravind,-0.0007643992076090678
Rashid Khan,S Aravind,0.11869145818959648
Mandeep Singh,SR Watson,0.5191506317143618
TM Head,SR Watson,0.05021102762703644
Mandeep Singh,SR Watson,0.5191506317143618
TM Head,SR Watson,0.05021102762703644
KM Jadhav,SR Watson,0.12177411274477676
SR Watson,SR Watson,0.0017224946741905452
Sachin Baby,SR Watson,-0.19224832510845838
SR Watson,SR Watson,0.0017224946741905452
KM Jadhav,SR Watson,0.12177411274477676
STR Binny,SR Watson,0.2613817834805652
Mandeep Singh,SR Watson,0.5191506317143618
STR Binny,SR Watson,0.2613817834805652
SR Watson,SR Watson,0.0017224946741905452
S Aravind,SR Watson,-0.2732987629682626
SR Watson,SR Watson,0.0017224946741905452
KM Jadhav,SR Watson,0.12177411274477676
TM Head,SR Watson,0.05021102762703644
Mandeep Singh,SR Watson,0.5191506317143618
TM Head,SR Watson,0.05021102762703644
KM Jadhav,SR Watson,0.12177411274477676
DA Warner,SR Watson,0.033805039805451825
S Dhawan,SR Watson,-0.04000830391408371
MC Henriques,SR Watson,0.011472414541233628
Yuvraj Singh,SR Watson,0.11930252086393495
DJ Hooda,SR Watson,0.024702580455525494
BCJ Cutting,SR Watson,0.00017716301775494436
NV Ojha,SR Watson,-0.038776040251280675
Bipul Sharma,SR Watson,0.027810327745407593
B Kumar,SR Watson,0.17280103241311945
AM Rahane,SR Watson,-0.07431559050763208
Rashid Khan,SR Watson,0.12045501483680401
Mandeep Singh,TM Head,0.11822700610045805
TM Head,TM Head,0.13778513317920607
Mandeep Singh,TM Head,0.11822700610045805
TM Head,TM Head,0.13778513317920607
KM Jadhav,TM Head,0.02970018687286604
SR Watson,TM Head,0.11112889037297252
Sachin Baby,TM Head,0.3585229114510731
SR Watson,TM Head,0.11112889037297252
KM Jadhav,TM Head,0.02970018687286604
STR Binny,TM Head,0.05362287180293518
Mandeep Singh,TM Head,0.11822700610045805
STR Binny,TM Head,0.05362287180293518
SR Watson,TM Head,0.11112889037297252
S Aravind,TM Head,0.5688630804109948
SR Watson,TM Head,0.11112889037297252
KM Jadhav,TM Head,0.02970018687286604
TM Head,TM Head,0.13778513317920607
Mandeep Singh,TM Head,0.11822700610045805
TM Head,TM Head,0.13778513317920607
KM Jadhav,TM Head,0.02970018687286604
DA Warner,TM Head,0.03803039295573066
S Dhawan,TM Head,-0.06562379533198545
MC Henriques,TM Head,0.011858154972264816
Yuvraj Singh,TM Head,0.21593144803768297
DJ Hooda,TM Head,0.7833244710772711
BCJ Cutting,TM Head,0.04356213735132369
NV Ojha,TM Head,0.20166900400669194
Bipul Sharma,TM Head,0.12885122448940553
B Kumar,TM Head,0.23388628862480662
AM Rahane,TM Head,0.07235516482336504
Rashid Khan,TM Head,0.4433895923594152
Mandeep Singh,AD Mathews,0.0
TM Head,AD Mathews,0.0
Mandeep Singh,AD Mathews,0.0
TM Head,AD Mathews,0.0
KM Jadhav,AD Mathews,0.0
SR Watson,AD Mathews,0.0
Sachin Baby,AD Mathews,0.0
SR Watson,AD Mathews,0.0
KM Jadhav,AD Mathews,0.0
STR Binny,AD Mathews,0.0
Mandeep Singh,AD Mathews,0.0
STR Binny,AD Mathews,0.0
SR Watson,AD Mathews,0.0
S Aravind,AD Mathews,0.0
SR Watson,AD Mathews,0.0
KM Jadhav,AD Mathews,0.0
TM Head,AD Mathews,0.0
Mandeep Singh,AD Mathews,0.0
TM Head,AD Mathews,0.0
KM Jadhav,AD Mathews,0.0
DA Warner,AD Mathews,0.0
S Dhawan,AD Mathews,0.0
MC Henriques,AD Mathews,0.0
Yuvraj Singh,AD Mathews,0.0
DJ Hooda,AD Mathews,0.0
BCJ Cutting,AD Mathews,0.0
NV Ojha,AD Mathews,0.0
Bipul Sharma,AD Mathews,0.0
B Kumar,AD Mathews,0.0
AM Rahane,AD Mathews,0.0
Rashid Khan,AD Mathews,0.0
Mandeep Singh,KV Sharma,0.8731266664003126
TM Head,KV Sharma,0.05946024897107455
Mandeep Singh,KV Sharma,0.8731266664003126
TM Head,KV Sharma,0.05946024897107455
KM Jadhav,KV Sharma,0.017222250137035395
SR Watson,KV Sharma,0.03846646483005528
Sachin Baby,KV Sharma,0.2992623230851158
SR Watson,KV Sharma,0.03846646483005528
KM Jadhav,KV Sharma,0.017222250137035395
STR Binny,KV Sharma,0.12037774137001803
Mandeep Singh,KV Sharma,0.8731266664003126
STR Binny,KV Sharma,0.12037774137001803
SR Watson,KV Sharma,0.03846646483005528
S Aravind,KV Sharma,0.4366369760500826
SR Watson,KV Sharma,0.03846646483005528
KM Jadhav,KV Sharma,0.017222250137035395
TM Head,KV Sharma,0.05946024897107455
Mandeep Singh,KV Sharma,0.8731266664003126
TM Head,KV Sharma,0.05946024897107455
KM Jadhav,KV Sharma,0.017222250137035395
DA Warner,KV Sharma,-0.04849626842457339
S Dhawan,KV Sharma,-0.027426565600734087
MC Henriques,KV Sharma,0.01654675497327171
Yuvraj Singh,KV Sharma,0.17779423843089825
DJ Hooda,KV Sharma,0.12394986751738772
BCJ Cutting,KV Sharma,-0.06053613945885328
NV Ojha,KV Sharma,0.1338181344905538
Bipul Sharma,KV Sharma,0.07597637740254558
B Kumar,KV Sharma,0.18090144077079567
AM Rahane,KV Sharma,0.14039582136187323
Rashid Khan,KV Sharma,0.2509272859115461
Mandeep Singh,Mohammad Nabi,0.42625402658761513
TM Head,Mohammad Nabi,0.01882477585093184
Mandeep Singh,Mohammad Nabi,0.42625402658761513
TM Head,Mohammad Nabi,0.01882477585093184
KM Jadhav,Mohammad Nabi,0.051029349113108996
SR Watson,Mohammad Nabi,-0.02044936122175566
Sachin Baby,Mohammad Nabi,-0.2209752686253294
SR Watson,Mohammad Nabi,-0.02044936122175566
KM Jadhav,Mohammad Nabi,0.051029349113108996
STR Binny,Mohammad Nabi,0.2813745234861924
Mandeep Singh,Mohammad Nabi,0.42625402658761513
STR Binny,Mohammad Nabi,0.2813745234861924
SR Watson,Mohammad Nabi,-0.02044936122175566
S Aravind,Mohammad Nabi,-0.3344716441061063
SR Watson,Mohammad Nabi,-0.02044936122175566
KM Jadhav,Mohammad Nabi,0.051029349113108996
TM Head,Mohammad Nabi,0.01882477585093184
Mandeep Singh,Mohammad Nabi,0.42625402658761513
TM Head,Mohammad Nabi,0.01882477585093184
KM Jadhav,Mohammad Nabi,0.051029349113108996
DA Warner,Mohammad Nabi,0.03525398101441288
S Dhawan,Mohammad Nabi,-0.06888761242460549
MC Henriques,Mohammad Nabi,-0.006266801003542863
Yuvraj Singh,Mohammad Nabi,0.033188067540595195
DJ Hooda,Mohammad Nabi,0.021612010806429355
BCJ Cutting,Mohammad Nabi,0.24583554453177558
NV Ojha,Mohammad Nabi,-0.024008429783855388
Bipul Sharma,Mohammad Nabi,-0.016185217194782563
B Kumar,Mohammad Nabi,0.0501244501677042
AM Rahane,Mohammad Nabi,0.0367867204757692
Rashid Khan,Mohammad Nabi,0.15553643145482382
Mandeep Singh,TA Boult,0.07025959143564729
TM Head,TA Boult,0.2471428843091178
Mandeep Singh,TA Boult,0.07025959143564729
TM Head,TA Boult,0.2471428843091178
KM Jadhav,TA Boult,-0.006009890617166216
SR Watson,TA Boult,0.013824272804646348
Sachin Baby,TA Boult,0.10426770077974509
SR Watson,TA Boult,0.013824272804646348
KM Jadhav,TA Boult,-0.006009890617166216
STR Binny,TA Boult,0.11474295056875225
Mandeep Singh,TA Boult,0.07025959143564729
STR Binny,TA Boult,0.11474295056875225
SR Watson,TA Boult,0.013824272804646348
S Aravind,TA Boult,-0.24327157096034807
SR Watson,TA Boult,0.013824272804646348
KM Jadhav,TA Boult,-0.006009890617166216
TM Head,TA Boult,0.2471428843091178
Mandeep Singh,TA Boult,0.07025959143564729
TM Head,TA Boult,0.2471428843091178
KM Jadhav,TA Boult,-0.006009890617166216
DA Warner,TA Boult,-0.008467679090999637
S Dhawan,TA Boult,-0.053050089108343024
MC Henriques,TA Boult,0.15590390656667985
Yuvraj Singh,TA Boult,0.30792610444756674
DJ Hooda,TA Boult,0.18002794454124424
BCJ Cutting,TA Boult,0.8226523385542001
NV Ojha,TA Boult,0.09109672910495331
Bipul Sharma,TA Boult,0.006029630818647699
B Kumar,TA Boult,0.15848583132286165
AM Rahane,TA Boult,0.3752144889504052
Rashid Khan,TA Boult,0.4498990072965721
Mandeep Singh,S Kaul,0.14896689612868685
TM Head,S Kaul,0.0012342991790746105
Mandeep Singh,S Kaul,0.14896689612868685
TM Head,S Kaul,0.0012342991790746105
KM Jadhav,S Kaul,0.05204284411297258
SR Watson,S Kaul,-0.06251888328427574
Sachin Baby,S Kaul,0.11128271465135986
SR Watson,S Kaul,-0.06251888328427574
KM Jadhav,S Kaul,0.05204284411297258
STR Binny,S Kaul,0.039524119784812205
Mandeep Singh,S Kaul,0.14896689612868685
STR Binny,S Kaul,0.039524119784812205
SR Watson,S Kaul,-0.06251888328427574
S Aravind,S Kaul,-0.23494358471826632
SR Watson,S Kaul,-0.06251888328427574
KM Jadhav,S Kaul,0.05204284411297258
TM Head,S Kaul,0.0012342991790746105
Mandeep Singh,S Kaul,0.14896689612868685
TM Head,S Kaul,0.0012342991790746105
KM Jadhav,S Kaul,0.05204284411297258
DA Warner,S Kaul,0.03937188702388965
S Dhawan,S Kaul,0.12435047348316185
MC Henriques,S Kaul,-0.08410177994903124
Yuvraj Singh,S Kaul,0.05312139678270694
DJ Hooda,S Kaul,0.037444517930557614
BCJ Cutting,S Kaul,0.08742740196694007
NV Ojha,S Kaul,-0.053149915845658244
Bipul Sharma,S Kaul,-0.03127933543329724
B Kumar,S Kaul,0.05601071992613127
AM Rahane,S Kaul,0.06270542266951899
Rashid Khan,S Kaul,0.0028152701929012036
DA Warner,TS Mills,0.01933325243774442
S Dhawan,TS Mills,0.1318164386604297
DA Warner,TS Mills,0.01933325243774442
MC Henriques,TS Mills,0.06335807639317545
Yuvraj Singh,TS Mills,0.07592345760819577
DJ Hooda,TS Mills,0.05271004652586497
MC Henriques,TS Mills,0.06335807639317545
BCJ Cutting,TS Mills,0.0029448307099135124
MC Henriques,TS Mills,0.06335807639317545
S Dhawan,TS Mills,0.1318164386604297
Yuvraj Singh,TS Mills,0.07592345760819577
S Dhawan,TS Mills,0.1318164386604297
DJ Hooda,TS Mills,0.05271004652586497
Yuvraj Singh,TS Mills,0.07592345760819577
MC Henriques,TS Mills,0.06335807639317545
Yuvraj Singh,TS Mills,0.07592345760819577
DA Warner,TS Mills,0.01933325243774442
S Dhawan,TS Mills,0.1318164386604297
DA Warner,TS Mills,0.01933325243774442
DJ Hooda,TS Mills,0.05271004652586497
CH Gayle,TS Mills,0.12196006583485211
Mandeep Singh,TS Mills,-0.07555913040805937
TM Head,TS Mills,0.00207792929031575
KM Jadhav,TS Mills,0.06161965805900515
SR Watson,TS Mills,0.04474801916555323
Sachin Baby,TS Mills,0.0017506903221400569
STR Binny,TS Mills,0.03319789179197421
S Aravind,TS Mills,0.027237931241721136
TS Mills,TS Mills,-0.0014976318556788777
YS Chahal,TS Mills,0.09448802170310798
A Choudhary,TS Mills,-0.026965850742944247
DA Warner,A Choudhary,0.19080897697364932
S Dhawan,A Choudhary,0.09152382978734783
DA Warner,A Choudhary,0.19080897697364932
MC Henriques,A Choudhary,0.033974871438433335
Yuvraj Singh,A Choudhary,-0.07127694521490059
DJ Hooda,A Choudhary,-0.07114325272385688
MC Henriques,A Choudhary,0.033974871438433335
BCJ Cutting,A Choudhary,0.6526879794478071
MC Henriques,A Choudhary,0.033974871438433335
S Dhawan,A Choudhary,0.09152382978734783
Yuvraj Singh,A Choudhary,-0.07127694521490059
S Dhawan,A Choudhary,0.09152382978734783
DJ Hooda,A Choudhary,-0.07114325272385688
Yuvraj Singh,A Choudhary,-0.07127694521490059
MC Henriques,A Choudhary,0.033974871438433335
Yuvraj Singh,A Choudhary,-0.07127694521490059
DA Warner,A Choudhary,0.19080897697364932
S Dhawan,A Choudhary,0.09152382978734783
DA Warner,A Choudhary,0.19080897697364932
DJ Hooda,A Choudhary,-0.07114325272385688
CH Gayle,A Choudhary,-0.5421117944662058
Mandeep Singh,A Choudhary,0.10874264788563953
TM Head,A Choudhary,0.10074354507187165
KM Jadhav,A Choudhary,-0.02172401905413403
SR Watson,A Choudhary,0.164869915762266
Sachin Baby,A Choudhary,0.17573428587011788
STR Binny,A Choudhary,0.19027465732070312
S Aravind,A Choudhary,0.5580242226178636
TS Mills,A Choudhary,0.3587313402305522
YS Chahal,A Choudhary,0.5573214537464255
A Choudhary,A Choudhary,0.26453069884433855
DA Warner,TS Mills,0.01933325243774442
S Dhawan,TS Mills,0.1318164386604297
DA Warner,TS Mills,0.01933325243774442
MC Henriques,TS Mills,0.06335807639317545
Yuvraj Singh,TS Mills,0.07592345760819577
DJ Hooda,TS Mills,0.05271004652586497
MC Henriques,TS Mills,0.06335807639317545
BCJ Cutting,TS Mills,0.0029448307099135124
MC Henriques,TS Mills,0.06335807639317545
S Dhawan,TS Mills,0.1318164386604297
Yuvraj Singh,TS Mills,0.07592345760819577
S Dhawan,TS Mills,0.1318164386604297
DJ Hooda,TS Mills,0.05271004652586497
Yuvraj Singh,TS Mills,0.07592345760819577
MC Henriques,TS Mills,0.06335807639317545
Yuvraj Singh,TS Mills,0.07592345760819577
DA Warner,TS Mills,0.01933325243774442
S Dhawan,TS Mills,0.1318164386604297
DA Warner,TS Mills,0.01933325243774442
DJ Hooda,TS Mills,0.05271004652586497
CH Gayle,TS Mills,0.12196006583485211
Mandeep Singh,TS Mills,-0.07555913040805937
TM Head,TS Mills,0.00207792929031575
KM Jadhav,TS Mills,0.06161965805900515
SR Watson,TS Mills,0.04474801916555323
Sachin Baby,TS Mills,0.0017506903221400569
STR Binny,TS Mills,0.03319789179197421
S Aravind,TS Mills,0.027237931241721136
TS Mills,TS Mills,-0.0014976318556788777
YS Chahal,TS Mills,0.09448802170310798
A Choudhary,TS Mills,-0.026965850742944247
DA Warner,YS Chahal,0.035711662550307235
S Dhawan,YS Chahal,0.07723779576928394
DA Warner,YS Chahal,0.035711662550307235
MC Henriques,YS Chahal,0.013190421044633506
Yuvraj Singh,YS Chahal,0.008887986587238217
DJ Hooda,YS Chahal,0.057640691025355836
MC Henriques,YS Chahal,0.013190421044633506
BCJ Cutting,YS Chahal,-0.03699712662410812
MC Henriques,YS Chahal,0.013190421044633506
S Dhawan,YS Chahal,0.07723779576928394
Yuvraj Singh,YS Chahal,0.008887986587238217
S Dhawan,YS Chahal,0.07723779576928394
DJ Hooda,YS Chahal,0.057640691025355836
Yuvraj Singh,YS Chahal,0.008887986587238217
MC Henriques,YS Chahal,0.013190421044633506
Yuvraj Singh,YS Chahal,0.008887986587238217
DA Warner,YS Chahal,0.035711662550307235
S Dhawan,YS Chahal,0.07723779576928394
DA Warner,YS Chahal,0.035711662550307235
DJ Hooda,YS Chahal,0.057640691025355836
CH Gayle,YS Chahal,-0.06724368853711915
Mandeep Singh,YS Chahal,0.3051821480449732
TM Head,YS Chahal,-0.050691894693930956
KM Jadhav,YS Chahal,0.02378794183363172
SR Watson,YS Chahal,0.04734192913896172
Sachin Baby,YS Chahal,0.06027705367994651
STR Binny,YS Chahal,0.11796374037985663
S Aravind,YS Chahal,0.29071284077451315
TS Mills,YS Chahal,-2.055772849464052e-05
YS Chahal,YS Chahal,0.21680977439569352
A Choudhary,YS Chahal,0.17523954939880015
DA Warner,S Aravind,0.0413968019714568
S Dhawan,S Aravind,0.03664410360440473
DA Warner,S Aravind,0.0413968019714568
MC Henriques,S Aravind,-0.029923858694032954
Yuvraj Singh,S Aravind,0.03784428682924948
DJ Hooda,S Aravind,-0.0840932169360621
MC Henriques,S Aravind,-0.029923858694032954
BCJ Cutting,S Aravind,0.0709069833632267
MC Henriques,S Aravind,-0.029923858694032954
S Dhawan,S Aravind,0.03664410360440473
Yuvraj Singh,S Aravind,0.03784428682924948
S Dhawan,S Aravind,0.03664410360440473
DJ Hooda,S Aravind,-0.0840932169360621
Yuvraj Singh,S Aravind,0.03784428682924948
MC Henriques,S Aravind,-0.029923858694032954
Yuvraj Singh,S Aravind,0.03784428682924948
DA Warner,S Aravind,0.0413968019714568
S Dhawan,S Aravind,0.03664410360440473
DA Warner,S Aravind,0.0413968019714568
DJ Hooda,S Aravind,-0.0840932169360621
CH Gayle,S Aravind,-0.08635884574296629
Mandeep Singh,S Aravind,0.11854495620511818
TM Head,S Aravind,0.07274607556415152
KM Jadhav,S Aravind,0.03533735651188746
SR Watson,S Aravind,-0.02632624138595347
Sachin Baby,S Aravind,-0.04540148305472523
STR Binny,S Aravind,0.07963449065750305
S Aravind,S Aravind,-0.14762691683341367
TS Mills,S Aravind,0.11711557609191038
YS Chahal,S Aravind,0.055068039457137695
A Choudhary,S Aravind,-0.10200185171295884
DA Warner,SR Watson,0.033805039805451825
S Dhawan,SR Watson,-0.04000830391408371
DA Warner,SR Watson,0.033805039805451825
MC Henriques,SR Watson,0.011472414541233628
Yuvraj Singh,SR Watson,0.11930252086393495
DJ Hooda,SR Watson,0.024702580455525494
MC Henriques,SR Watson,0.011472414541233628
BCJ Cutting,SR Watson,0.00017716301775494436
MC Henriques,SR Watson,0.011472414541233628
S Dhawan,SR Watson,-0.04000830391408371
Yuvraj Singh,SR Watson,0.11930252086393495
S Dhawan,SR Watson,-0.04000830391408371
DJ Hooda,SR Watson,0.024702580455525494
Yuvraj Singh,SR Watson,0.11930252086393495
MC Henriques,SR Watson,0.011472414541233628
Yuvraj Singh,SR Watson,0.11930252086393495
DA Warner,SR Watson,0.033805039805451825
S Dhawan,SR Watson,-0.04000830391408371
DA Warner,SR Watson,0.033805039805451825
DJ Hooda,SR Watson,0.024702580455525494
CH Gayle,SR Watson,0.0069845265785239
Mandeep Singh,SR Watson,0.5191506317143618
TM Head,SR Watson,0.05021102762703644
KM Jadhav,SR Watson,0.12177411274477676
SR Watson,SR Watson,0.0017224946741905452
Sachin Baby,SR Watson,-0.19224832510845838
STR Binny,SR Watson,0.2613817834805652
S Aravind,SR Watson,-0.2732987629682626
TS Mills,SR Watson,0.0718696858000426
YS Chahal,SR Watson,-0.003811805640756394
A Choudhary,SR Watson,-0.192268257118611
DA Warner,YS Chahal,0.035711662550307235
S Dhawan,YS Chahal,0.07723779576928394
DA Warner,YS Chahal,0.035711662550307235
MC Henriques,YS Chahal,0.013190421044633506
Yuvraj Singh,YS Chahal,0.008887986587238217
DJ Hooda,YS Chahal,0.057640691025355836
MC Henriques,YS Chahal,0.013190421044633506
BCJ Cutting,YS Chahal,-0.03699712662410812
MC Henriques,YS Chahal,0.013190421044633506
S Dhawan,YS Chahal,0.07723779576928394
Yuvraj Singh,YS Chahal,0.008887986587238217
S Dhawan,YS Chahal,0.07723779576928394
DJ Hooda,YS Chahal,0.057640691025355836
Yuvraj Singh,YS Chahal,0.008887986587238217
MC Henriques,YS Chahal,0.013190421044633506
Yuvraj Singh,YS Chahal,0.008887986587238217
DA Warner,YS Chahal,0.035711662550307235
S Dhawan,YS Chahal,0.07723779576928394
DA Warner,YS Chahal,0.035711662550307235
DJ Hooda,YS Chahal,0.057640691025355836
CH Gayle,YS Chahal,-0.06724368853711915
Mandeep Singh,YS Chahal,0.3051821480449732
TM Head,YS Chahal,-0.050691894693930956
KM Jadhav,YS Chahal,0.02378794183363172
SR Watson,YS Chahal,0.04734192913896172
Sachin Baby,YS Chahal,0.06027705367994651
STR Binny,YS Chahal,0.11796374037985663
S Aravind,YS Chahal,0.29071284077451315
TS Mills,YS Chahal,-2.055772849464052e-05
YS Chahal,YS Chahal,0.21680977439569352
A Choudhary,YS Chahal,0.17523954939880015
DA Warner,TM Head,0.03803039295573066
S Dhawan,TM Head,-0.06562379533198545
DA Warner,TM Head,0.03803039295573066
MC Henriques,TM Head,0.011858154972264816
Yuvraj Singh,TM Head,0.21593144803768297
DJ Hooda,TM Head,0.7833244710772711
MC Henriques,TM Head,0.011858154972264816
BCJ Cutting,TM Head,0.04356213735132369
MC Henriques,TM Head,0.011858154972264816
S Dhawan,TM Head,-0.06562379533198545
Yuvraj Singh,TM Head,0.21593144803768297
S Dhawan,TM Head,-0.06562379533198545
DJ Hooda,TM Head,0.7833244710772711
Yuvraj Singh,TM Head,0.21593144803768297
MC Henriques,TM Head,0.011858154972264816
Yuvraj Singh,TM Head,0.21593144803768297
DA Warner,TM Head,0.03803039295573066
S Dhawan,TM Head,-0.06562379533198545
DA Warner,TM Head,0.03803039295573066
DJ Hooda,TM Head,0.7833244710772711
CH Gayle,TM Head,0.26114721513404604
Mandeep Singh,TM Head,0.11822700610045805
TM Head,TM Head,0.13778513317920607
KM Jadhav,TM Head,0.02970018687286604
SR Watson,TM Head,0.11112889037297252
Sachin Baby,TM Head,0.3585229114510731
STR Binny,TM Head,0.05362287180293518
S Aravind,TM Head,0.5688630804109948
TS Mills,TM Head,-0.23090778510478344
YS Chahal,TM Head,-0.10780268279267416
A Choudhary,TM Head,-0.00861145769845953
DA Warner,YS Chahal,0.035711662550307235
S Dhawan,YS Chahal,0.07723779576928394
DA Warner,YS Chahal,0.035711662550307235
MC Henriques,YS Chahal,0.013190421044633506
Yuvraj Singh,YS Chahal,0.008887986587238217
DJ Hooda,YS Chahal,0.057640691025355836
MC Henriques,YS Chahal,0.013190421044633506
BCJ Cutting,YS Chahal,-0.03699712662410812
MC Henriques,YS Chahal,0.013190421044633506
S Dhawan,YS Chahal,0.07723779576928394
Yuvraj Singh,YS Chahal,0.008887986587238217
S Dhawan,YS Chahal,0.07723779576928394
DJ Hooda,YS Chahal,0.057640691025355836
Yuvraj Singh,YS Chahal,0.008887986587238217
MC Henriques,YS Chahal,0.013190421044633506
Yuvraj Singh,YS Chahal,0.008887986587238217
DA Warner,YS Chahal,0.035711662550307235
S Dhawan,YS Chahal,0.07723779576928394
DA Warner,YS Chahal,0.035711662550307235
DJ Hooda,YS Chahal,0.057640691025355836
CH Gayle,YS Chahal,-0.06724368853711915
Mandeep Singh,YS Chahal,0.3051821480449732
TM Head,YS Chahal,-0.050691894693930956
KM Jadhav,YS Chahal,0.02378794183363172
SR Watson,YS Chahal,0.04734192913896172
Sachin Baby,YS Chahal,0.06027705367994651
STR Binny,YS Chahal,0.11796374037985663
S Aravind,YS Chahal,0.29071284077451315
TS Mills,YS Chahal,-2.055772849464052e-05
YS Chahal,YS Chahal,0.21680977439569352
A Choudhary,YS Chahal,0.17523954939880015
DA Warner,A Choudhary,0.19080897697364932
S Dhawan,A Choudhary,0.09152382978734783
DA Warner,A Choudhary,0.19080897697364932
MC Henriques,A Choudhary,0.033974871438433335
Yuvraj Singh,A Choudhary,-0.07127694521490059
DJ Hooda,A Choudhary,-0.07114325272385688
MC Henriques,A Choudhary,0.033974871438433335
BCJ Cutting,A Choudhary,0.6526879794478071
MC Henriques,A Choudhary,0.033974871438433335
S Dhawan,A Choudhary,0.09152382978734783
Yuvraj Singh,A Choudhary,-0.07127694521490059
S Dhawan,A Choudhary,0.09152382978734783
DJ Hooda,A Choudhary,-0.07114325272385688
Yuvraj Singh,A Choudhary,-0.07127694521490059
MC Henriques,A Choudhary,0.033974871438433335
Yuvraj Singh,A Choudhary,-0.07127694521490059
DA Warner,A Choudhary,0.19080897697364932
S Dhawan,A Choudhary,0.09152382978734783
DA Warner,A Choudhary,0.19080897697364932
DJ Hooda,A Choudhary,-0.07114325272385688
CH Gayle,A Choudhary,-0.5421117944662058
Mandeep Singh,A Choudhary,0.10874264788563953
TM Head,A Choudhary,0.10074354507187165
KM Jadhav,A Choudhary,-0.02172401905413403
SR Watson,A Choudhary,0.164869915762266
Sachin Baby,A Choudhary,0.17573428587011788
STR Binny,A Choudhary,0.19027465732070312
S Aravind,A Choudhary,0.5580242226178636
TS Mills,A Choudhary,0.3587313402305522
YS Chahal,A Choudhary,0.5573214537464255
A Choudhary,A Choudhary,0.26453069884433855
DA Warner,S Aravind,0.0413968019714568
S Dhawan,S Aravind,0.03664410360440473
DA Warner,S Aravind,0.0413968019714568
MC Henriques,S Aravind,-0.029923858694032954
Yuvraj Singh,S Aravind,0.03784428682924948
DJ Hooda,S Aravind,-0.0840932169360621
MC Henriques,S Aravind,-0.029923858694032954
BCJ Cutting,S Aravind,0.0709069833632267
MC Henriques,S Aravind,-0.029923858694032954
S Dhawan,S Aravind,0.03664410360440473
Yuvraj Singh,S Aravind,0.03784428682924948
S Dhawan,S Aravind,0.03664410360440473
DJ Hooda,S Aravind,-0.0840932169360621
Yuvraj Singh,S Aravind,0.03784428682924948
MC Henriques,S Aravind,-0.029923858694032954
Yuvraj Singh,S Aravind,0.03784428682924948
DA Warner,S Aravind,0.0413968019714568
S Dhawan,S Aravind,0.03664410360440473
DA Warner,S Aravind,0.0413968019714568
DJ Hooda,S Aravind,-0.0840932169360621
CH Gayle,S Aravind,-0.08635884574296629
Mandeep Singh,S Aravind,0.11854495620511818
TM Head,S Aravind,0.07274607556415152
KM Jadhav,S Aravind,0.03533735651188746
SR Watson,S Aravind,-0.02632624138595347
Sachin Baby,S Aravind,-0.04540148305472523
STR Binny,S Aravind,0.07963449065750305
S Aravind,S Aravind,-0.14762691683341367
TS Mills,S Aravind,0.11711557609191038
YS Chahal,S Aravind,0.055068039457137695
A Choudhary,S Aravind,-0.10200185171295884
DA Warner,A Choudhary,0.19080897697364932
S Dhawan,A Choudhary,0.09152382978734783
DA Warner,A Choudhary,0.19080897697364932
MC Henriques,A Choudhary,0.033974871438433335
Yuvraj Singh,A Choudhary,-0.07127694521490059
DJ Hooda,A Choudhary,-0.07114325272385688
MC Henriques,A Choudhary,0.033974871438433335
BCJ Cutting,A Choudhary,0.6526879794478071
MC Henriques,A Choudhary,0.033974871438433335
S Dhawan,A Choudhary,0.09152382978734783
Yuvraj Singh,A Choudhary,-0.07127694521490059
S Dhawan,A Choudhary,0.09152382978734783
DJ Hooda,A Choudhary,-0.07114325272385688
Yuvraj Singh,A Choudhary,-0.07127694521490059
MC Henriques,A Choudhary,0.033974871438433335
Yuvraj Singh,A Choudhary,-0.07127694521490059
DA Warner,A Choudhary,0.19080897697364932
S Dhawan,A Choudhary,0.09152382978734783
DA Warner,A Choudhary,0.19080897697364932
DJ Hooda,A Choudhary,-0.07114325272385688
CH Gayle,A Choudhary,-0.5421117944662058
Mandeep Singh,A Choudhary,0.10874264788563953
TM Head,A Choudhary,0.10074354507187165
KM Jadhav,A Choudhary,-0.02172401905413403
SR Watson,A Choudhary,0.164869915762266
Sachin Baby,A Choudhary,0.17573428587011788
STR Binny,A Choudhary,0.19027465732070312
S Aravind,A Choudhary,0.5580242226178636
TS Mills,A Choudhary,0.3587313402305522
YS Chahal,A Choudhary,0.5573214537464255
A Choudhary,A Choudhary,0.26453069884433855
DA Warner,SR Watson,0.033805039805451825
S Dhawan,SR Watson,-0.04000830391408371
DA Warner,SR Watson,0.033805039805451825
MC Henriques,SR Watson,0.011472414541233628
Yuvraj Singh,SR Watson,0.11930252086393495
DJ Hooda,SR Watson,0.024702580455525494
MC Henriques,SR Watson,0.011472414541233628
BCJ Cutting,SR Watson,0.00017716301775494436
MC Henriques,SR Watson,0.011472414541233628
S Dhawan,SR Watson,-0.04000830391408371
Yuvraj Singh,SR Watson,0.11930252086393495
S Dhawan,SR Watson,-0.04000830391408371
DJ Hooda,SR Watson,0.024702580455525494
Yuvraj Singh,SR Watson,0.11930252086393495
MC Henriques,SR Watson,0.011472414541233628
Yuvraj Singh,SR Watson,0.11930252086393495
DA Warner,SR Watson,0.033805039805451825
S Dhawan,SR Watson,-0.04000830391408371
DA Warner,SR Watson,0.033805039805451825
DJ Hooda,SR Watson,0.024702580455525494
CH Gayle,SR Watson,0.0069845265785239
Mandeep Singh,SR Watson,0.5191506317143618
TM Head,SR Watson,0.05021102762703644
KM Jadhav,SR Watson,0.12177411274477676
SR Watson,SR Watson,0.0017224946741905452
Sachin Baby,SR Watson,-0.19224832510845838
STR Binny,SR Watson,0.2613817834805652
S Aravind,SR Watson,-0.2732987629682626
TS Mills,SR Watson,0.0718696858000426
YS Chahal,SR Watson,-0.003811805640756394
A Choudhary,SR Watson,-0.192268257118611
DA Warner,S Aravind,0.0413968019714568
S Dhawan,S Aravind,0.03664410360440473
DA Warner,S Aravind,0.0413968019714568
MC Henriques,S Aravind,-0.029923858694032954
Yuvraj Singh,S Aravind,0.03784428682924948
DJ Hooda,S Aravind,-0.0840932169360621
MC Henriques,S Aravind,-0.029923858694032954
BCJ Cutting,S Aravind,0.0709069833632267
MC Henriques,S Aravind,-0.029923858694032954
S Dhawan,S Aravind,0.03664410360440473
Yuvraj Singh,S Aravind,0.03784428682924948
S Dhawan,S Aravind,0.03664410360440473
DJ Hooda,S Aravind,-0.0840932169360621
Yuvraj Singh,S Aravind,0.03784428682924948
MC Henriques,S Aravind,-0.029923858694032954
Yuvraj Singh,S Aravind,0.03784428682924948
DA Warner,S Aravind,0.0413968019714568
S Dhawan,S Aravind,0.03664410360440473
DA Warner,S Aravind,0.0413968019714568
DJ Hooda,S Aravind,-0.0840932169360621
CH Gayle,S Aravind,-0.08635884574296629
Mandeep Singh,S Aravind,0.11854495620511818
TM Head,S Aravind,0.07274607556415152
KM Jadhav,S Aravind,0.03533735651188746
SR Watson,S Aravind,-0.02632624138595347
Sachin Baby,S Aravind,-0.04540148305472523
STR Binny,S Aravind,0.07963449065750305
S Aravind,S Aravind,-0.14762691683341367
TS Mills,S Aravind,0.11711557609191038
YS Chahal,S Aravind,0.055068039457137695
A Choudhary,S Aravind,-0.10200185171295884
DA Warner,YS Chahal,0.035711662550307235
S Dhawan,YS Chahal,0.07723779576928394
DA Warner,YS Chahal,0.035711662550307235
MC Henriques,YS Chahal,0.013190421044633506
Yuvraj Singh,YS Chahal,0.008887986587238217
DJ Hooda,YS Chahal,0.057640691025355836
MC Henriques,YS Chahal,0.013190421044633506
BCJ Cutting,YS Chahal,-0.03699712662410812
MC Henriques,YS Chahal,0.013190421044633506
S Dhawan,YS Chahal,0.07723779576928394
Yuvraj Singh,YS Chahal,0.008887986587238217
S Dhawan,YS Chahal,0.07723779576928394
DJ Hooda,YS Chahal,0.057640691025355836
Yuvraj Singh,YS Chahal,0.008887986587238217
MC Henriques,YS Chahal,0.013190421044633506
Yuvraj Singh,YS Chahal,0.008887986587238217
DA Warner,YS Chahal,0.035711662550307235
S Dhawan,YS Chahal,0.07723779576928394
DA Warner,YS Chahal,0.035711662550307235
DJ Hooda,YS Chahal,0.057640691025355836
CH Gayle,YS Chahal,-0.06724368853711915
Mandeep Singh,YS Chahal,0.3051821480449732
TM Head,YS Chahal,-0.050691894693930956
KM Jadhav,YS Chahal,0.02378794183363172
SR Watson,YS Chahal,0.04734192913896172
Sachin Baby,YS Chahal,0.06027705367994651
STR Binny,YS Chahal,0.11796374037985663
S Aravind,YS Chahal,0.29071284077451315
TS Mills,YS Chahal,-2.055772849464052e-05
YS Chahal,YS Chahal,0.21680977439569352
A Choudhary,YS Chahal,0.17523954939880015
DA Warner,S Aravind,0.0413968019714568
S Dhawan,S Aravind,0.03664410360440473
DA Warner,S Aravind,0.0413968019714568
MC Henriques,S Aravind,-0.029923858694032954
Yuvraj Singh,S Aravind,0.03784428682924948
DJ Hooda,S Aravind,-0.0840932169360621
MC Henriques,S Aravind,-0.029923858694032954
BCJ Cutting,S Aravind,0.0709069833632267
MC Henriques,S Aravind,-0.029923858694032954
S Dhawan,S Aravind,0.03664410360440473
Yuvraj Singh,S Aravind,0.03784428682924948
S Dhawan,S Aravind,0.03664410360440473
DJ Hooda,S Aravind,-0.0840932169360621
Yuvraj Singh,S Aravind,0.03784428682924948
MC Henriques,S Aravind,-0.029923858694032954
Yuvraj Singh,S Aravind,0.03784428682924948
DA Warner,S Aravind,0.0413968019714568
S Dhawan,S Aravind,0.03664410360440473
DA Warner,S Aravind,0.0413968019714568
DJ Hooda,S Aravind,-0.0840932169360621
CH Gayle,S Aravind,-0.08635884574296629
Mandeep Singh,S Aravind,0.11854495620511818
TM Head,S Aravind,0.07274607556415152
KM Jadhav,S Aravind,0.03533735651188746
SR Watson,S Aravind,-0.02632624138595347
Sachin Baby,S Aravind,-0.04540148305472523
STR Binny,S Aravind,0.07963449065750305
S Aravind,S Aravind,-0.14762691683341367
TS Mills,S Aravind,0.11711557609191038
YS Chahal,S Aravind,0.055068039457137695
A Choudhary,S Aravind,-0.10200185171295884
DA Warner,TS Mills,0.01933325243774442
S Dhawan,TS Mills,0.1318164386604297
DA Warner,TS Mills,0.01933325243774442
MC Henriques,TS Mills,0.06335807639317545
Yuvraj Singh,TS Mills,0.07592345760819577
DJ Hooda,TS Mills,0.05271004652586497
MC Henriques,TS Mills,0.06335807639317545
BCJ Cutting,TS Mills,0.0029448307099135124
MC Henriques,TS Mills,0.06335807639317545
S Dhawan,TS Mills,0.1318164386604297
Yuvraj Singh,TS Mills,0.07592345760819577
S Dhawan,TS Mills,0.1318164386604297
DJ Hooda,TS Mills,0.05271004652586497
Yuvraj Singh,TS Mills,0.07592345760819577
MC Henriques,TS Mills,0.06335807639317545
Yuvraj Singh,TS Mills,0.07592345760819577
DA Warner,TS Mills,0.01933325243774442
S Dhawan,TS Mills,0.1318164386604297
DA Warner,TS Mills,0.01933325243774442
DJ Hooda,TS Mills,0.05271004652586497
CH Gayle,TS Mills,0.12196006583485211
Mandeep Singh,TS Mills,-0.07555913040805937
TM Head,TS Mills,0.00207792929031575
KM Jadhav,TS Mills,0.06161965805900515
SR Watson,TS Mills,0.04474801916555323
Sachin Baby,TS Mills,0.0017506903221400569
STR Binny,TS Mills,0.03319789179197421
S Aravind,TS Mills,0.027237931241721136
TS Mills,TS Mills,-0.0014976318556788777
YS Chahal,TS Mills,0.09448802170310798
A Choudhary,TS Mills,-0.026965850742944247
DA Warner,A Choudhary,0.19080897697364932
S Dhawan,A Choudhary,0.09152382978734783
DA Warner,A Choudhary,0.19080897697364932
MC Henriques,A Choudhary,0.033974871438433335
Yuvraj Singh,A Choudhary,-0.07127694521490059
DJ Hooda,A Choudhary,-0.07114325272385688
MC Henriques,A Choudhary,0.033974871438433335
BCJ Cutting,A Choudhary,0.6526879794478071
MC Henriques,A Choudhary,0.033974871438433335
S Dhawan,A Choudhary,0.09152382978734783
Yuvraj Singh,A Choudhary,-0.07127694521490059
S Dhawan,A Choudhary,0.09152382978734783
DJ Hooda,A Choudhary,-0.07114325272385688
Yuvraj Singh,A Choudhary,-0.07127694521490059
MC Henriques,A Choudhary,0.033974871438433335
Yuvraj Singh,A Choudhary,-0.07127694521490059
DA Warner,A Choudhary,0.19080897697364932
S Dhawan,A Choudhary,0.09152382978734783
DA Warner,A Choudhary,0.19080897697364932
DJ Hooda,A Choudhary,-0.07114325272385688
CH Gayle,A Choudhary,-0.5421117944662058
Mandeep Singh,A Choudhary,0.10874264788563953
TM Head,A Choudhary,0.10074354507187165
KM Jadhav,A Choudhary,-0.02172401905413403
SR Watson,A Choudhary,0.164869915762266
Sachin Baby,A Choudhary,0.17573428587011788
STR Binny,A Choudhary,0.19027465732070312
S Aravind,A Choudhary,0.5580242226178636
TS Mills,A Choudhary,0.3587313402305522
YS Chahal,A Choudhary,0.5573214537464255
A Choudhary,A Choudhary,0.26453069884433855
DA Warner,TS Mills,0.01933325243774442
S Dhawan,TS Mills,0.1318164386604297
DA Warner,TS Mills,0.01933325243774442
MC Henriques,TS Mills,0.06335807639317545
Yuvraj Singh,TS Mills,0.07592345760819577
DJ Hooda,TS Mills,0.05271004652586497
MC Henriques,TS Mills,0.06335807639317545
BCJ Cutting,TS Mills,0.0029448307099135124
MC Henriques,TS Mills,0.06335807639317545
S Dhawan,TS Mills,0.1318164386604297
Yuvraj Singh,TS Mills,0.07592345760819577
S Dhawan,TS Mills,0.1318164386604297
DJ Hooda,TS Mills,0.05271004652586497
Yuvraj Singh,TS Mills,0.07592345760819577
MC Henriques,TS Mills,0.06335807639317545
Yuvraj Singh,TS Mills,0.07592345760819577
DA Warner,TS Mills,0.01933325243774442
S Dhawan,TS Mills,0.1318164386604297
DA Warner,TS Mills,0.01933325243774442
DJ Hooda,TS Mills,0.05271004652586497
CH Gayle,TS Mills,0.12196006583485211
Mandeep Singh,TS Mills,-0.07555913040805937
TM Head,TS Mills,0.00207792929031575
KM Jadhav,TS Mills,0.06161965805900515
SR Watson,TS Mills,0.04474801916555323
Sachin Baby,TS Mills,0.0017506903221400569
STR Binny,TS Mills,0.03319789179197421
S Aravind,TS Mills,0.027237931241721136
TS Mills,TS Mills,-0.0014976318556788777
YS Chahal,TS Mills,0.09448802170310798
A Choudhary,TS Mills,-0.026965850742944247
DA Warner,SR Watson,0.033805039805451825
S Dhawan,SR Watson,-0.04000830391408371
DA Warner,SR Watson,0.033805039805451825
MC Henriques,SR Watson,0.011472414541233628
Yuvraj Singh,SR Watson,0.11930252086393495
DJ Hooda,SR Watson,0.024702580455525494
MC Henriques,SR Watson,0.011472414541233628
BCJ Cutting,SR Watson,0.00017716301775494436
MC Henriques,SR Watson,0.011472414541233628
S Dhawan,SR Watson,-0.04000830391408371
Yuvraj Singh,SR Watson,0.11930252086393495
S Dhawan,SR Watson,-0.04000830391408371
DJ Hooda,SR Watson,0.024702580455525494
Yuvraj Singh,SR Watson,0.11930252086393495
MC Henriques,SR Watson,0.011472414541233628
Yuvraj Singh,SR Watson,0.11930252086393495
DA Warner,SR Watson,0.033805039805451825
S Dhawan,SR Watson,-0.04000830391408371
DA Warner,SR Watson,0.033805039805451825
DJ Hooda,SR Watson,0.024702580455525494
CH Gayle,SR Watson,0.0069845265785239
Mandeep Singh,SR Watson,0.5191506317143618
TM Head,SR Watson,0.05021102762703644
KM Jadhav,SR Watson,0.12177411274477676
SR Watson,SR Watson,0.0017224946741905452
Sachin Baby,SR Watson,-0.19224832510845838
STR Binny,SR Watson,0.2613817834805652
S Aravind,SR Watson,-0.2732987629682626
TS Mills,SR Watson,0.0718696858000426
YS Chahal,SR Watson,-0.003811805640756394
A Choudhary,SR Watson,-0.192268257118611
DA Warner,STR Binny,0.03417144744628199
S Dhawan,STR Binny,0.38624145017271894
DA Warner,STR Binny,0.03417144744628199
MC Henriques,STR Binny,-0.0085311371613574
Yuvraj Singh,STR Binny,-0.021638605117674847
DJ Hooda,STR Binny,-0.11979483775215616
MC Henriques,STR Binny,-0.0085311371613574
BCJ Cutting,STR Binny,-0.35798935556739797
MC Henriques,STR Binny,-0.0085311371613574
S Dhawan,STR Binny,0.38624145017271894
Yuvraj Singh,STR Binny,-0.021638605117674847
S Dhawan,STR Binny,0.38624145017271894
DJ Hooda,STR Binny,-0.11979483775215616
Yuvraj Singh,STR Binny,-0.021638605117674847
MC Henriques,STR Binny,-0.0085311371613574
Yuvraj Singh,STR Binny,-0.021638605117674847
DA Warner,STR Binny,0.03417144744628199
S Dhawan,STR Binny,0.38624145017271894
DA Warner,STR Binny,0.03417144744628199
DJ Hooda,STR Binny,-0.11979483775215616
CH Gayle,STR Binny,0.04405664828661782
Mandeep Singh,STR Binny,-0.2031850410844266
TM Head,STR Binny,0.027935414545371018
KM Jadhav,STR Binny,0.09775881853616006
SR Watson,STR Binny,0.0958659144551971
Sachin Baby,STR Binny,0.08008401675656285
STR Binny,STR Binny,-0.023893798287461618
S Aravind,STR Binny,0.2845409714721651
TS Mills,STR Binny,0.043614107727547854
YS Chahal,STR Binny,0.09521666349454383
A Choudhary,STR Binny,0.38911066727328253
DA Warner,A Nehra,0.1112292540878219
S Dhawan,A Nehra,-0.07447756205996084
DA Warner,A Nehra,0.1112292540878219
MC Henriques,A Nehra,-0.1101791391580898
Yuvraj Singh,A Nehra,-0.11007914650861766
DJ Hooda,A Nehra,0.5102481419147762
MC Henriques,A Nehra,-0.1101791391580898
BCJ Cutting,A Nehra,-0.21057699230834304
MC Henriques,A Nehra,-0.1101791391580898
S Dhawan,A Nehra,-0.07447756205996084
Yuvraj Singh,A Nehra,-0.11007914650861766
S Dhawan,A Nehra,-0.07447756205996084
DJ Hooda,A Nehra,0.5102481419147762
Yuvraj Singh,A Nehra,-0.11007914650861766
MC Henriques,A Nehra,-0.1101791391580898
Yuvraj Singh,A Nehra,-0.11007914650861766
DA Warner,A Nehra,0.1112292540878219
S Dhawan,A Nehra,-0.07447756205996084
DA Warner,A Nehra,0.1112292540878219
DJ Hooda,A Nehra,0.5102481419147762
CH Gayle,A Nehra,0.09320121638477014
Mandeep Singh,A Nehra,0.04605010913394353
TM Head,A Nehra,-0.0025348336543974254
KM Jadhav,A Nehra,0.03789386280960558
SR Watson,A Nehra,0.18414192321971973
Sachin Baby,A Nehra,0.30430344392535386
STR Binny,A Nehra,0.012237740029929264
S Aravind,A Nehra,0.7486296394266581
TS Mills,A Nehra,-0.000857195694710905
YS Chahal,A Nehra,0.00581727391986063
A Choudhary,A Nehra,0.2965369682515874
DA Warner,B Kumar,0.18261309051211183
S Dhawan,B Kumar,-0.14899941321571963
DA Warner,B Kumar,0.18261309051211183
MC Henriques,B Kumar,-0.16239896691440828
Yuvraj Singh,B Kumar,-0.2130170916002978
DJ Hooda,B Kumar,0.3190285358748459
MC Henriques,B Kumar,-0.16239896691440828
BCJ Cutting,B Kumar,0.21788238596588427
MC Henriques,B Kumar,-0.16239896691440828
S Dhawan,B Kumar,-0.14899941321571963
Yuvraj Singh,B Kumar,-0.2130170916002978
S Dhawan,B Kumar,-0.14899941321571963
DJ Hooda,B Kumar,0.3190285358748459
Yuvraj Singh,B Kumar,-0.2130170916002978
MC Henriques,B Kumar,-0.16239896691440828
Yuvraj Singh,B Kumar,-0.2130170916002978
DA Warner,B Kumar,0.18261309051211183
S Dhawan,B Kumar,-0.14899941321571963
DA Warner,B Kumar,0.18261309051211183
DJ Hooda,B Kumar,0.3190285358748459
CH Gayle,B Kumar,-0.028932140604742584
Mandeep Singh,B Kumar,0.2086752279752343
TM Head,B Kumar,-0.023244641592944815
KM Jadhav,B Kumar,0.07713981193878579
SR Watson,B Kumar,0.1271964134320497
Sachin Baby,B Kumar,-0.05944628275939337
STR Binny,B Kumar,0.2701715866188435
S Aravind,B Kumar,0.05726693167509689
TS Mills,B Kumar,0.3276763723389154
YS Chahal,B Kumar,0.023548301966935137
A Choudhary,B Kumar,-0.21656218829876017
DA Warner,BCJ Cutting,-0.02933266749735751
S Dhawan,BCJ Cutting,0.017322376057993902
DA Warner,BCJ Cutting,-0.02933266749735751
MC Henriques,BCJ Cutting,0.0019073376446538948
Yuvraj Singh,BCJ Cutting,0.011570596556211094
DJ Hooda,BCJ Cutting,0.010562768781183549
MC Henriques,BCJ Cutting,0.0019073376446538948
BCJ Cutting,BCJ Cutting,-0.12707756878156334
MC Henriques,BCJ Cutting,0.0019073376446538948
S Dhawan,BCJ Cutting,0.017322376057993902
Yuvraj Singh,BCJ Cutting,0.011570596556211094
S Dhawan,BCJ Cutting,0.017322376057993902
DJ Hooda,BCJ Cutting,0.010562768781183549
Yuvraj Singh,BCJ Cutting,0.011570596556211094
MC Henriques,BCJ Cutting,0.0019073376446538948
Yuvraj Singh,BCJ Cutting,0.011570596556211094
DA Warner,BCJ Cutting,-0.02933266749735751
S Dhawan,BCJ Cutting,0.017322376057993902
DA Warner,BCJ Cutting,-0.02933266749735751
DJ Hooda,BCJ Cutting,0.010562768781183549
CH Gayle,BCJ Cutting,-0.01940654531448824
Mandeep Singh,BCJ Cutting,0.17865446610399344
TM Head,BCJ Cutting,0.0055591779964429405
KM Jadhav,BCJ Cutting,-0.01418611454661639
SR Watson,BCJ Cutting,0.0362224908952794
Sachin Baby,BCJ Cutting,0.1476752176805018
STR Binny,BCJ Cutting,-0.029788176505529673
S Aravind,BCJ Cutting,0.29993132585443016
TS Mills,BCJ Cutting,-0.07153680136307
YS Chahal,BCJ Cutting,-0.037530979378190665
A Choudhary,BCJ Cutting,0.3859755542162312
DA Warner,Rashid Khan,0.004160875849207889
S Dhawan,Rashid Khan,0.09330739313757482
DA Warner,Rashid Khan,0.004160875849207889
MC Henriques,Rashid Khan,0.03920600752419713
Yuvraj Singh,Rashid Khan,0.10388363654076369
DJ Hooda,Rashid Khan,0.005918182171567844
MC Henriques,Rashid Khan,0.03920600752419713
BCJ Cutting,Rashid Khan,0.07332963396145428
MC Henriques,Rashid Khan,0.03920600752419713
S Dhawan,Rashid Khan,0.09330739313757482
Yuvraj Singh,Rashid Khan,0.10388363654076369
S Dhawan,Rashid Khan,0.09330739313757482
DJ Hooda,Rashid Khan,0.005918182171567844
Yuvraj Singh,Rashid Khan,0.10388363654076369
MC Henriques,Rashid Khan,0.03920600752419713
Yuvraj Singh,Rashid Khan,0.10388363654076369
DA Warner,Rashid Khan,0.004160875849207889
S Dhawan,Rashid Khan,0.09330739313757482
DA Warner,Rashid Khan,0.004160875849207889
DJ Hooda,Rashid Khan,0.005918182171567844
CH Gayle,Rashid Khan,0.0993787154459535
Mandeep Singh,Rashid Khan,0.11684646120353345
TM Head,Rashid Khan,0.05086823919881983
KM Jadhav,Rashid Khan,0.055826983032242504
SR Watson,Rashid Khan,0.017819828861672146
Sachin Baby,Rashid Khan,0.02171315653596137
STR Binny,Rashid Khan,0.0662098570859098
S Aravind,Rashid Khan,-0.06320268889930072
TS Mills,Rashid Khan,0.03739500119247271
YS Chahal,Rashid Khan,-0.00945649706096438
A Choudhary,Rashid Khan,0.05286834929141688
DA Warner,DJ Hooda,-0.003678425874688973
S Dhawan,DJ Hooda,0.2026665050971182
DA Warner,DJ Hooda,-0.003678425874688973
MC Henriques,DJ Hooda,0.1053131968239293
Yuvraj Singh,DJ Hooda,0.09549822419737777
DJ Hooda,DJ Hooda,0.2578098710817822
MC Henriques,DJ Hooda,0.1053131968239293
BCJ Cutting,DJ Hooda,0.1868479599843606
MC Henriques,DJ Hooda,0.1053131968239293
S Dhawan,DJ Hooda,0.2026665050971182
Yuvraj Singh,DJ Hooda,0.09549822419737777
S Dhawan,DJ Hooda,0.2026665050971182
DJ Hooda,DJ Hooda,0.2578098710817822
Yuvraj Singh,DJ Hooda,0.09549822419737777
MC Henriques,DJ Hooda,0.1053131968239293
Yuvraj Singh,DJ Hooda,0.09549822419737777
DA Warner,DJ Hooda,-0.003678425874688973
S Dhawan,DJ Hooda,0.2026665050971182
DA Warner,DJ Hooda,-0.003678425874688973
DJ Hooda,DJ Hooda,0.2578098710817822
CH Gayle,DJ Hooda,0.29619624682754575
Mandeep Singh,DJ Hooda,-0.20548219345220178
TM Head,DJ Hooda,-0.014977923585136915
KM Jadhav,DJ Hooda,0.026892400312876832
SR Watson,DJ Hooda,0.09883204133030496
Sachin Baby,DJ Hooda,0.17777685999711823
STR Binny,DJ Hooda,-0.0006482568961787144
S Aravind,DJ Hooda,0.2332807248804203
TS Mills,DJ Hooda,-0.06284750219731912
YS Chahal,DJ Hooda,0.024642576102558864
A Choudhary,DJ Hooda,0.14403883960256272
DA Warner,MC Henriques,0.014597881681666265
S Dhawan,MC Henriques,0.027591167400798658
DA Warner,MC Henriques,0.014597881681666265
MC Henriques,MC Henriques,-0.03307355892513187
Yuvraj Singh,MC Henriques,0.008740127907213374
DJ Hooda,MC Henriques,-0.004333520233913896
MC Henriques,MC Henriques,-0.03307355892513187
BCJ Cutting,MC Henriques,-0.008172986671597049
MC Henriques,MC Henriques,-0.03307355892513187
S Dhawan,MC Henriques,0.027591167400798658
Yuvraj Singh,MC Henriques,0.008740127907213374
S Dhawan,MC Henriques,0.027591167400798658
DJ Hooda,MC Henriques,-0.004333520233913896
Yuvraj Singh,MC Henriques,0.008740127907213374
MC Henriques,MC Henriques,-0.03307355892513187
Yuvraj Singh,MC Henriques,0.008740127907213374
DA Warner,MC Henriques,0.014597881681666265
S Dhawan,MC Henriques,0.027591167400798658
DA Warner,MC Henriques,0.014597881681666265
DJ Hooda,MC Henriques,-0.004333520233913896
CH Gayle,MC Henriques,0.07042165560421462
Mandeep Singh,MC Henriques,0.0636116953866272
TM Head,MC Henriques,0.00040174083324792664
KM Jadhav,MC Henriques,0.016547306759104655
SR Watson,MC Henriques,-0.019979616893446323
Sachin Baby,MC Henriques,0.03193796891725113
STR Binny,MC Henriques,0.00833683323960644
S Aravind,MC Henriques,-0.0551051120373985
TS Mills,MC Henriques,0.054971625503254636
YS Chahal,MC Henriques,0.0024268060162696004
A Choudhary,MC Henriques,-0.004423227197579704
DA Warner,Bipul Sharma,-0.02989910006189444
S Dhawan,Bipul Sharma,-0.014152191583921503
DA Warner,Bipul Sharma,-0.02989910006189444
MC Henriques,Bipul Sharma,-0.011877137133070197
Yuvraj Singh,Bipul Sharma,0.16985058268150077
DJ Hooda,Bipul Sharma,0.25365743606191127
MC Henriques,Bipul Sharma,-0.011877137133070197
BCJ Cutting,Bipul Sharma,0.3793568072708422
MC Henriques,Bipul Sharma,-0.011877137133070197
S Dhawan,Bipul Sharma,-0.014152191583921503
Yuvraj Singh,Bipul Sharma,0.16985058268150077
S Dhawan,Bipul Sharma,-0.014152191583921503
DJ Hooda,Bipul Sharma,0.25365743606191127
Yuvraj Singh,Bipul Sharma,0.16985058268150077
MC Henriques,Bipul Sharma,-0.011877137133070197
Yuvraj Singh,Bipul Sharma,0.16985058268150077
DA Warner,Bipul Sharma,-0.02989910006189444
S Dhawan,Bipul Sharma,-0.014152191583921503
DA Warner,Bipul Sharma,-0.02989910006189444
DJ Hooda,Bipul Sharma,0.25365743606191127
CH Gayle,Bipul Sharma,0.07671036609301518
Mandeep Singh,Bipul Sharma,0.14934638849620618
TM Head,Bipul Sharma,0.1931290903328861
KM Jadhav,Bipul Sharma,-0.049434814923101845
SR Watson,Bipul Sharma,-0.02235401554076827
Sachin Baby,Bipul Sharma,0.2537780728091811
STR Binny,Bipul Sharma,0.028074627038736796
S Aravind,Bipul Sharma,0.03318776893660874
TS Mills,Bipul Sharma,-0.03140513126329016
YS Chahal,Bipul Sharma,-0.262198561536802
A Choudhary,Bipul Sharma,0.10281400460780998
DA Warner,DL Chahar,-0.02045415114047179
S Dhawan,DL Chahar,0.25253959985402963
DA Warner,DL Chahar,-0.02045415114047179
MC Henriques,DL Chahar,-0.037539191024179575
Yuvraj Singh,DL Chahar,0.00909891298625487
DJ Hooda,DL Chahar,0.12234613236032135
MC Henriques,DL Chahar,-0.037539191024179575
BCJ Cutting,DL Chahar,0.150951022723943
MC Henriques,DL Chahar,-0.037539191024179575
S Dhawan,DL Chahar,0.25253959985402963
Yuvraj Singh,DL Chahar,0.00909891298625487
S Dhawan,DL Chahar,0.25253959985402963
DJ Hooda,DL Chahar,0.12234613236032135
Yuvraj Singh,DL Chahar,0.00909891298625487
MC Henriques,DL Chahar,-0.037539191024179575
Yuvraj Singh,DL Chahar,0.00909891298625487
DA Warner,DL Chahar,-0.02045415114047179
S Dhawan,DL Chahar,0.25253959985402963
DA Warner,DL Chahar,-0.02045415114047179
DJ Hooda,DL Chahar,0.12234613236032135
CH Gayle,DL Chahar,0.34097767360075515
Mandeep Singh,DL Chahar,-0.337311724902898
TM Head,DL Chahar,-0.029191766662290147
KM Jadhav,DL Chahar,-0.028078958044613855
SR Watson,DL Chahar,-0.05673970552921105
Sachin Baby,DL Chahar,0.14128906957882664
STR Binny,DL Chahar,-0.07245373454644691
S Aravind,DL Chahar,-0.14557866075376746
TS Mills,DL Chahar,0.01796861531631741
YS Chahal,DL Chahar,-0.09396462251282528
A Choudhary,DL Chahar,-0.07861034383936083
DA Warner,AB Dinda,0.017993354317645753
S Dhawan,AB Dinda,0.022909308326452174
DA Warner,AB Dinda,0.017993354317645753
MC Henriques,AB Dinda,-0.03451385280504098
Yuvraj Singh,AB Dinda,0.00521163341733899
DJ Hooda,AB Dinda,0.16976872783921262
MC Henriques,AB Dinda,-0.03451385280504098
BCJ Cutting,AB Dinda,-0.01353460574803729
MC Henriques,AB Dinda,-0.03451385280504098
S Dhawan,AB Dinda,0.022909308326452174
Yuvraj Singh,AB Dinda,0.00521163341733899
S Dhawan,AB Dinda,0.022909308326452174
DJ Hooda,AB Dinda,0.16976872783921262
Yuvraj Singh,AB Dinda,0.00521163341733899
MC Henriques,AB Dinda,-0.03451385280504098
Yuvraj Singh,AB Dinda,0.00521163341733899
DA Warner,AB Dinda,0.017993354317645753
S Dhawan,AB Dinda,0.022909308326452174
DA Warner,AB Dinda,0.017993354317645753
DJ Hooda,AB Dinda,0.16976872783921262
CH Gayle,AB Dinda,0.014244938337806365
Mandeep Singh,AB Dinda,0.04959400308935216
TM Head,AB Dinda,0.021965059990503924
KM Jadhav,AB Dinda,0.0009525867865521616
SR Watson,AB Dinda,0.01774032806313891
Sachin Baby,AB Dinda,0.06804819309636213
STR Binny,AB Dinda,0.04268812953006061
S Aravind,AB Dinda,0.13685726811065363
TS Mills,AB Dinda,-0.03080183599201336
YS Chahal,AB Dinda,-0.018198054882739026
A Choudhary,AB Dinda,0.0018273684900433004
DA Warner,BA Stokes,0.08943535468051217
S Dhawan,BA Stokes,0.09794072233050469
DA Warner,BA Stokes,0.08943535468051217
MC Henriques,BA Stokes,-0.06694313815840049
Yuvraj Singh,BA Stokes,-0.05309006802714239
DJ Hooda,BA Stokes,-0.048022460759590435
MC Henriques,BA Stokes,-0.06694313815840049
BCJ Cutting,BA Stokes,-0.32476066803157916
MC Henriques,BA Stokes,-0.06694313815840049
S Dhawan,BA Stokes,0.09794072233050469
Yuvraj Singh,BA Stokes,-0.05309006802714239
S Dhawan,BA Stokes,0.09794072233050469
DJ Hooda,BA Stokes,-0.048022460759590435
Yuvraj Singh,BA Stokes,-0.05309006802714239
MC Henriques,BA Stokes,-0.06694313815840049
Yuvraj Singh,BA Stokes,-0.05309006802714239
DA Warner,BA Stokes,0.08943535468051217
S Dhawan,BA Stokes,0.09794072233050469
DA Warner,BA Stokes,0.08943535468051217
DJ Hooda,BA Stokes,-0.048022460759590435
CH Gayle,BA Stokes,0.020504203199381066
Mandeep Singh,BA Stokes,0.07695965033304653
TM Head,BA Stokes,0.029756309446238693
KM Jadhav,BA Stokes,0.153677745503832
SR Watson,BA Stokes,0.08585223863830614
Sachin Baby,BA Stokes,-0.1196815116546121
STR Binny,BA Stokes,0.11236395059056378
S Aravind,BA Stokes,-0.01654989091103809
TS Mills,BA Stokes,0.15894878968295792
YS Chahal,BA Stokes,0.023508696388018724
A Choudhary,BA Stokes,0.025784707191280926
